Issue ID,Description,State,Severity,Story Points,Project Path,Location Kind,Path,Line,Column,Incident ID,Help Link,Assembly Name,Assembly Version,Assembly Public Key,Snippet
Project.0002,Project's target framework(s) needs to be changed,Active,Mandatory,1,Enigmatry.Entry.AspNetCore.Authorization\Enigmatry.Entry.AspNetCore.Authorization.csproj,File,Enigmatry.Entry.AspNetCore.Authorization\Enigmatry.Entry.AspNetCore.Authorization.csproj,,,,,,,,Current target framework: net9.0 Recommended target framework: net10.0
Project.0002,Project's target framework(s) needs to be changed,Active,Mandatory,1,Enigmatry.Entry.AspNetCore.Authorization.Tests\Enigmatry.Entry.AspNetCore.Authorization.Tests.csproj,File,Enigmatry.Entry.AspNetCore.Authorization.Tests\Enigmatry.Entry.AspNetCore.Authorization.Tests.csproj,,,,,,,,Current target framework: net9.0 Recommended target framework: net10.0
Project.0002,Project's target framework(s) needs to be changed,Active,Mandatory,1,Enigmatry.Entry.AspNetCore\Enigmatry.Entry.AspNetCore.csproj,File,Enigmatry.Entry.AspNetCore\Enigmatry.Entry.AspNetCore.csproj,,,,,,,,Current target framework: net9.0 Recommended target framework: net10.0
Api.0002,Source incompatible for selected .NET version,Active,Potential,1,Enigmatry.Entry.AspNetCore\Enigmatry.Entry.AspNetCore.csproj,File,Enigmatry.Entry.AspNetCore\Security\ServiceCollectionExtensions.cs,26,16,M:System.TimeSpan.FromDays(System.Int32),,,,,options.MaxAge = TimeSpan.FromDays(oneYear);
Api.0003,Behavioral change in selected .NET version,Active,Potential,1,Enigmatry.Entry.AspNetCore\Enigmatry.Entry.AspNetCore.csproj,File,Enigmatry.Entry.AspNetCore\Exceptions\ApplicationBuilderExtensions.cs,18,8,"M:Microsoft.AspNetCore.Builder.ExceptionHandlerExtensions.UseExceptionHandler(Microsoft.AspNetCore.Builder.IApplicationBuilder,Microsoft.AspNetCore.Builder.ExceptionHandlerOptions)",,,,,"builder.UseExceptionHandler(new ExceptionHandlerOptions          {              AllowStatusCode404Response = true,              ExceptionHandler = async context =>              {                  var handledElsewhere = false;                  if (onBeforeException != null)                  {                      handledElsewhere = await onBeforeException.Invoke(context);                  }                    if (handledElsewhere)                  {                      return;                  }                    await ExceptionHandler.HandleExceptionFrom(context);              }          })"
NuGet.0002,NuGet package upgrade is recommended,Active,Potential,1,Enigmatry.Entry.AspNetCore.Tests\Enigmatry.Entry.AspNetCore.Tests.csproj,File,Enigmatry.Entry.AspNetCore.Tests\Enigmatry.Entry.AspNetCore.Tests.csproj,,,Microsoft.AspNetCore.Mvc.Testing 9.0.12,,,,,"Microsoft.AspNetCore.Mvc.Testing, 9.0.12  Recommendation:  Remove Microsoft.AspNetCore.Mvc.Testing, and replace with new package Microsoft.AspNetCore.Mvc.Testing 10.0.2"
Project.0002,Project's target framework(s) needs to be changed,Active,Mandatory,1,Enigmatry.Entry.AspNetCore.Tests\Enigmatry.Entry.AspNetCore.Tests.csproj,File,Enigmatry.Entry.AspNetCore.Tests\Enigmatry.Entry.AspNetCore.Tests.csproj,,,,,,,,Current target framework: net9.0 Recommended target framework: net10.0
Api.0003,Behavioral change in selected .NET version,Active,Potential,1,Enigmatry.Entry.AspNetCore.Tests\Enigmatry.Entry.AspNetCore.Tests.csproj,File,Enigmatry.Entry.AspNetCore.Tests\SampleAppTests\WeatherForecastControllerFixtureBase.cs,56,8,T:System.Net.Http.HttpContent,,,,,var json = await response.Content.ReadAsStringAsync();
Api.0003,Behavioral change in selected .NET version,Active,Potential,1,Enigmatry.Entry.AspNetCore.Tests\Enigmatry.Entry.AspNetCore.Tests.csproj,File,Enigmatry.Entry.AspNetCore.Tests\SampleAppTests\WeatherForecastControllerFixtureBase.cs,54,8,T:System.Net.Http.HttpContent,,,,,"response.Content.Headers.ContentType!.MediaType.ShouldBe(""application/problem+json"");"
Api.0003,Behavioral change in selected .NET version,Active,Potential,1,Enigmatry.Entry.AspNetCore.Tests\Enigmatry.Entry.AspNetCore.Tests.csproj,File,Enigmatry.Entry.AspNetCore.Tests\SampleAppTests\WeatherForecastControllerFixtureBase.cs,45,8,T:System.Net.Http.HttpContent,,,,,response.Content.Headers.ContentType!.ShouldBeNull();
Api.0003,Behavioral change in selected .NET version,Active,Potential,1,Enigmatry.Entry.AspNetCore.Tests\Enigmatry.Entry.AspNetCore.Tests.csproj,File,Enigmatry.Entry.AspNetCore.Tests\SampleAppTests\WeatherForecastControllerFixtureBase.cs,36,8,T:System.Net.Http.HttpContent,,,,,response.Content.Headers.ContentType!.ShouldBeNull();
Api.0003,Behavioral change in selected .NET version,Active,Potential,1,Enigmatry.Entry.AspNetCore.Tests\Enigmatry.Entry.AspNetCore.Tests.csproj,File,Enigmatry.Entry.AspNetCore.Tests\SampleAppTests\WeatherForecastControllerFixtureBase.cs,27,8,T:System.Net.Http.HttpContent,,,,,response.Content.Headers.ContentType!.ShouldBeNull();
Project.0002,Project's target framework(s) needs to be changed,Active,Mandatory,1,Enigmatry.Entry.AspNetCore.Tests.NewtonsoftJson\Enigmatry.Entry.AspNetCore.Tests.NewtonsoftJson.csproj,File,Enigmatry.Entry.AspNetCore.Tests.NewtonsoftJson\Enigmatry.Entry.AspNetCore.Tests.NewtonsoftJson.csproj,,,,,,,,Current target framework: net9.0 Recommended target framework: net10.0
Api.0003,Behavioral change in selected .NET version,Active,Potential,1,Enigmatry.Entry.AspNetCore.Tests.NewtonsoftJson\Enigmatry.Entry.AspNetCore.Tests.NewtonsoftJson.csproj,File,Enigmatry.Entry.AspNetCore.Tests.NewtonsoftJson\Http\HttpResponseMessageAssertionsExtensions.cs,25,8,T:System.Net.Http.HttpContent,,,,,var responseContent = response.Content.ReadAsStringAsync().Result;
Api.0003,Behavioral change in selected .NET version,Active,Potential,1,Enigmatry.Entry.AspNetCore.Tests.NewtonsoftJson\Enigmatry.Entry.AspNetCore.Tests.NewtonsoftJson.csproj,File,Enigmatry.Entry.AspNetCore.Tests.NewtonsoftJson\Http\HttpResponseMessageExtensions.cs,38,8,T:System.Uri,,,,,"throw new HttpRequestException(              $""StatusCode: {response.StatusCode}, ReasonPhrase: {response.ReasonPhrase}, RequestUri: {response.RequestMessage?.RequestUri}, Content: {content}."");"
Api.0003,Behavioral change in selected .NET version,Active,Potential,1,Enigmatry.Entry.AspNetCore.Tests.NewtonsoftJson\Enigmatry.Entry.AspNetCore.Tests.NewtonsoftJson.csproj,File,Enigmatry.Entry.AspNetCore.Tests.NewtonsoftJson\Http\HttpResponseMessageExtensions.cs,37,8,T:System.Net.Http.HttpContent,,,,,response.Content?.Dispose();
Api.0003,Behavioral change in selected .NET version,Active,Potential,1,Enigmatry.Entry.AspNetCore.Tests.NewtonsoftJson\Enigmatry.Entry.AspNetCore.Tests.NewtonsoftJson.csproj,File,Enigmatry.Entry.AspNetCore.Tests.NewtonsoftJson\Http\HttpResponseMessageExtensions.cs,25,12,T:System.Net.Http.HttpContent,,,,,var content = await response.Content.ReadAsStringAsync();
Api.0003,Behavioral change in selected .NET version,Active,Potential,1,Enigmatry.Entry.AspNetCore.Tests.NewtonsoftJson\Enigmatry.Entry.AspNetCore.Tests.NewtonsoftJson.csproj,File,Enigmatry.Entry.AspNetCore.Tests.NewtonsoftJson\Http\HttpResponseMessageExtensions.cs,15,8,T:System.Net.Http.HttpContent,,,,,var content = await response.Content.ReadAsStringAsync();
Api.0003,Behavioral change in selected .NET version,Active,Potential,1,Enigmatry.Entry.AspNetCore.Tests.NewtonsoftJson\Enigmatry.Entry.AspNetCore.Tests.NewtonsoftJson.csproj,File,Enigmatry.Entry.AspNetCore.Tests.NewtonsoftJson\Http\HttpResponseMessageExtensions.cs,9,8,T:System.Net.Http.HttpContent,,,,,var content = await response.Content.ReadAsStringAsync();
Api.0002,Source incompatible for selected .NET version,Active,Potential,1,Enigmatry.Entry.AspNetCore.Tests.NewtonsoftJson\Enigmatry.Entry.AspNetCore.Tests.NewtonsoftJson.csproj,File,Enigmatry.Entry.AspNetCore.Tests.NewtonsoftJson\Http\JsonHttpClientExtensions.cs,50,4,T:System.Net.Http.Formatting.JsonMediaTypeFormatter,,,,,private static JsonMediaTypeFormatter CreateFormatter()
Api.0002,Source incompatible for selected .NET version,Active,Potential,1,Enigmatry.Entry.AspNetCore.Tests.NewtonsoftJson\Enigmatry.Entry.AspNetCore.Tests.NewtonsoftJson.csproj,File,Enigmatry.Entry.AspNetCore.Tests.NewtonsoftJson\Http\JsonHttpClientExtensions.cs,53,12,P:System.Net.Http.Formatting.BaseJsonMediaTypeFormatter.SerializerSettings,,,,,SerializerSettings
Api.0002,Source incompatible for selected .NET version,Active,Potential,1,Enigmatry.Entry.AspNetCore.Tests.NewtonsoftJson\Enigmatry.Entry.AspNetCore.Tests.NewtonsoftJson.csproj,File,Enigmatry.Entry.AspNetCore.Tests.NewtonsoftJson\Http\JsonHttpClientExtensions.cs,51,8,T:System.Net.Http.Formatting.JsonMediaTypeFormatter,,,,,new()          {              SerializerSettings = HttpSerializationSettings.Settings          }
Api.0002,Source incompatible for selected .NET version,Active,Potential,1,Enigmatry.Entry.AspNetCore.Tests.NewtonsoftJson\Enigmatry.Entry.AspNetCore.Tests.NewtonsoftJson.csproj,File,Enigmatry.Entry.AspNetCore.Tests.NewtonsoftJson\Http\JsonHttpClientExtensions.cs,51,8,M:System.Net.Http.Formatting.JsonMediaTypeFormatter.#ctor,,,,,new()          {              SerializerSettings = HttpSerializationSettings.Settings          }
Api.0002,Source incompatible for selected .NET version,Active,Potential,1,Enigmatry.Entry.AspNetCore.Tests.NewtonsoftJson\Enigmatry.Entry.AspNetCore.Tests.NewtonsoftJson.csproj,File,Enigmatry.Entry.AspNetCore.Tests.NewtonsoftJson\Http\JsonHttpClientExtensions.cs,46,8,T:System.Net.Http.Formatting.JsonMediaTypeFormatter,,,,,"var response = await client.PostAsync(uri, content, CreateFormatter());"
Api.0002,Source incompatible for selected .NET version,Active,Potential,1,Enigmatry.Entry.AspNetCore.Tests.NewtonsoftJson\Enigmatry.Entry.AspNetCore.Tests.NewtonsoftJson.csproj,File,Enigmatry.Entry.AspNetCore.Tests.NewtonsoftJson\Http\JsonHttpClientExtensions.cs,46,8,T:System.Net.Http.HttpClientExtensions,,,,,"var response = await client.PostAsync(uri, content, CreateFormatter());"
Api.0002,Source incompatible for selected .NET version,Active,Potential,1,Enigmatry.Entry.AspNetCore.Tests.NewtonsoftJson\Enigmatry.Entry.AspNetCore.Tests.NewtonsoftJson.csproj,File,Enigmatry.Entry.AspNetCore.Tests.NewtonsoftJson\Http\JsonHttpClientExtensions.cs,46,8,"M:System.Net.Http.HttpClientExtensions.PostAsync``1(System.Net.Http.HttpClient,System.String,``0,System.Net.Http.Formatting.MediaTypeFormatter)",,,,,"var response = await client.PostAsync(uri, content, CreateFormatter());"
Api.0002,Source incompatible for selected .NET version,Active,Potential,1,Enigmatry.Entry.AspNetCore.Tests.NewtonsoftJson\Enigmatry.Entry.AspNetCore.Tests.NewtonsoftJson.csproj,File,Enigmatry.Entry.AspNetCore.Tests.NewtonsoftJson\Http\JsonHttpClientExtensions.cs,40,8,T:System.Net.Http.Formatting.JsonMediaTypeFormatter,,,,,"var response = await client.PostAsync(uri, content, CreateFormatter());"
Api.0002,Source incompatible for selected .NET version,Active,Potential,1,Enigmatry.Entry.AspNetCore.Tests.NewtonsoftJson\Enigmatry.Entry.AspNetCore.Tests.NewtonsoftJson.csproj,File,Enigmatry.Entry.AspNetCore.Tests.NewtonsoftJson\Http\JsonHttpClientExtensions.cs,40,8,T:System.Net.Http.HttpClientExtensions,,,,,"var response = await client.PostAsync(uri, content, CreateFormatter());"
Api.0002,Source incompatible for selected .NET version,Active,Potential,1,Enigmatry.Entry.AspNetCore.Tests.NewtonsoftJson\Enigmatry.Entry.AspNetCore.Tests.NewtonsoftJson.csproj,File,Enigmatry.Entry.AspNetCore.Tests.NewtonsoftJson\Http\JsonHttpClientExtensions.cs,40,8,"M:System.Net.Http.HttpClientExtensions.PostAsync``1(System.Net.Http.HttpClient,System.String,``0,System.Net.Http.Formatting.MediaTypeFormatter)",,,,,"var response = await client.PostAsync(uri, content, CreateFormatter());"
Api.0002,Source incompatible for selected .NET version,Active,Potential,1,Enigmatry.Entry.AspNetCore.Tests.NewtonsoftJson\Enigmatry.Entry.AspNetCore.Tests.NewtonsoftJson.csproj,File,Enigmatry.Entry.AspNetCore.Tests.NewtonsoftJson\Http\JsonHttpClientExtensions.cs,34,8,T:System.Net.Http.Formatting.JsonMediaTypeFormatter,,,,,"var response = await client.PutAsync(uri, content, CreateFormatter());"
Api.0002,Source incompatible for selected .NET version,Active,Potential,1,Enigmatry.Entry.AspNetCore.Tests.NewtonsoftJson\Enigmatry.Entry.AspNetCore.Tests.NewtonsoftJson.csproj,File,Enigmatry.Entry.AspNetCore.Tests.NewtonsoftJson\Http\JsonHttpClientExtensions.cs,34,8,T:System.Net.Http.HttpClientExtensions,,,,,"var response = await client.PutAsync(uri, content, CreateFormatter());"
Api.0002,Source incompatible for selected .NET version,Active,Potential,1,Enigmatry.Entry.AspNetCore.Tests.NewtonsoftJson\Enigmatry.Entry.AspNetCore.Tests.NewtonsoftJson.csproj,File,Enigmatry.Entry.AspNetCore.Tests.NewtonsoftJson\Http\JsonHttpClientExtensions.cs,34,8,"M:System.Net.Http.HttpClientExtensions.PutAsync``1(System.Net.Http.HttpClient,System.String,``0,System.Net.Http.Formatting.MediaTypeFormatter)",,,,,"var response = await client.PutAsync(uri, content, CreateFormatter());"
Api.0002,Source incompatible for selected .NET version,Active,Potential,1,Enigmatry.Entry.AspNetCore.Tests.NewtonsoftJson\Enigmatry.Entry.AspNetCore.Tests.NewtonsoftJson.csproj,File,Enigmatry.Entry.AspNetCore.Tests.NewtonsoftJson\Http\JsonHttpClientExtensions.cs,28,8,T:System.Net.Http.Formatting.JsonMediaTypeFormatter,,,,,"var response = await client.PutAsync(uri, content, CreateFormatter());"
Api.0002,Source incompatible for selected .NET version,Active,Potential,1,Enigmatry.Entry.AspNetCore.Tests.NewtonsoftJson\Enigmatry.Entry.AspNetCore.Tests.NewtonsoftJson.csproj,File,Enigmatry.Entry.AspNetCore.Tests.NewtonsoftJson\Http\JsonHttpClientExtensions.cs,28,8,T:System.Net.Http.HttpClientExtensions,,,,,"var response = await client.PutAsync(uri, content, CreateFormatter());"
Api.0002,Source incompatible for selected .NET version,Active,Potential,1,Enigmatry.Entry.AspNetCore.Tests.NewtonsoftJson\Enigmatry.Entry.AspNetCore.Tests.NewtonsoftJson.csproj,File,Enigmatry.Entry.AspNetCore.Tests.NewtonsoftJson\Http\JsonHttpClientExtensions.cs,28,8,"M:System.Net.Http.HttpClientExtensions.PutAsync``1(System.Net.Http.HttpClient,System.String,``0,System.Net.Http.Formatting.MediaTypeFormatter)",,,,,"var response = await client.PutAsync(uri, content, CreateFormatter());"
Api.0003,Behavioral change in selected .NET version,Active,Potential,1,Enigmatry.Entry.AspNetCore.Tests.NewtonsoftJson\Enigmatry.Entry.AspNetCore.Tests.NewtonsoftJson.csproj,File,Enigmatry.Entry.AspNetCore.Tests.NewtonsoftJson\Http\JsonHttpClientExtensions.cs,17,4,T:System.Uri,,,,,"public static async Task<T?> GetAsync(this HttpClient client, Uri uri,          params KeyValuePair<string, string>[] parameters)"
Api.0003,Behavioral change in selected .NET version,Active,Potential,1,Enigmatry.Entry.AspNetCore.Tests.NewtonsoftJson\Enigmatry.Entry.AspNetCore.Tests.NewtonsoftJson.csproj,File,Enigmatry.Entry.AspNetCore.Tests.NewtonsoftJson\Http\JsonHttpClientExtensions.cs,20,8,T:System.Uri,,,,,var resourceUri = uri.AppendParameters(parameters);
NuGet.0002,NuGet package upgrade is recommended,Active,Potential,1,Enigmatry.Entry.AspNetCore.Tests.NewtonsoftJson.Tests\Enigmatry.Entry.AspNetCore.Tests.NewtonsoftJson.Tests.csproj,File,Enigmatry.Entry.AspNetCore.Tests.NewtonsoftJson.Tests\Enigmatry.Entry.AspNetCore.Tests.NewtonsoftJson.Tests.csproj,,,Microsoft.AspNetCore.Mvc.NewtonsoftJson 9.0.12,,,,,"Microsoft.AspNetCore.Mvc.NewtonsoftJson, 9.0.12  Recommendation:  Remove Microsoft.AspNetCore.Mvc.NewtonsoftJson, and replace with new package Microsoft.AspNetCore.Mvc.NewtonsoftJson 10.0.2"
Project.0002,Project's target framework(s) needs to be changed,Active,Mandatory,1,Enigmatry.Entry.AspNetCore.Tests.NewtonsoftJson.Tests\Enigmatry.Entry.AspNetCore.Tests.NewtonsoftJson.Tests.csproj,File,Enigmatry.Entry.AspNetCore.Tests.NewtonsoftJson.Tests\Enigmatry.Entry.AspNetCore.Tests.NewtonsoftJson.Tests.csproj,,,,,,,,Current target framework: net9.0 Recommended target framework: net10.0
NuGet.0002,NuGet package upgrade is recommended,Active,Potential,1,Enigmatry.Entry.AspNetCore.Tests.SampleApp\Enigmatry.Entry.AspNetCore.Tests.SampleApp.csproj,File,Enigmatry.Entry.AspNetCore.Tests.SampleApp\Enigmatry.Entry.AspNetCore.Tests.SampleApp.csproj,,,Microsoft.AspNetCore.Mvc.NewtonsoftJson 9.0.12,,,,,"Microsoft.AspNetCore.Mvc.NewtonsoftJson, 9.0.12  Recommendation:  Remove Microsoft.AspNetCore.Mvc.NewtonsoftJson, and replace with new package Microsoft.AspNetCore.Mvc.NewtonsoftJson 10.0.2"
Project.0002,Project's target framework(s) needs to be changed,Active,Mandatory,1,Enigmatry.Entry.AspNetCore.Tests.SampleApp\Enigmatry.Entry.AspNetCore.Tests.SampleApp.csproj,File,Enigmatry.Entry.AspNetCore.Tests.SampleApp\Enigmatry.Entry.AspNetCore.Tests.SampleApp.csproj,,,,,,,,Current target framework: net9.0 Recommended target framework: net10.0
Project.0002,Project's target framework(s) needs to be changed,Active,Mandatory,1,Enigmatry.Entry.AspNetCore.Tests.SystemTextJson\Enigmatry.Entry.AspNetCore.Tests.SystemTextJson.csproj,File,Enigmatry.Entry.AspNetCore.Tests.SystemTextJson\Enigmatry.Entry.AspNetCore.Tests.SystemTextJson.csproj,,,,,,,,Current target framework: net9.0 Recommended target framework: net10.0
Api.0003,Behavioral change in selected .NET version,Active,Potential,1,Enigmatry.Entry.AspNetCore.Tests.SystemTextJson\Enigmatry.Entry.AspNetCore.Tests.SystemTextJson.csproj,File,Enigmatry.Entry.AspNetCore.Tests.SystemTextJson\Http\HttpResponseMessageAssertionsExtensions.cs,30,8,T:System.Net.Http.HttpContent,,,,,var responseContent = response.Content.ReadAsStringAsync().Result;
Api.0003,Behavioral change in selected .NET version,Active,Potential,1,Enigmatry.Entry.AspNetCore.Tests.SystemTextJson\Enigmatry.Entry.AspNetCore.Tests.SystemTextJson.csproj,File,Enigmatry.Entry.AspNetCore.Tests.SystemTextJson\Http\HttpResponseMessageExtensions.cs,38,8,T:System.Uri,,,,,"throw new HttpRequestException(              $""StatusCode: {response.StatusCode}, ReasonPhrase: {response.ReasonPhrase}, RequestUri: {response.RequestMessage?.RequestUri}, Content: {content}."");"
Api.0003,Behavioral change in selected .NET version,Active,Potential,1,Enigmatry.Entry.AspNetCore.Tests.SystemTextJson\Enigmatry.Entry.AspNetCore.Tests.SystemTextJson.csproj,File,Enigmatry.Entry.AspNetCore.Tests.SystemTextJson\Http\HttpResponseMessageExtensions.cs,37,8,T:System.Net.Http.HttpContent,,,,,response.Content?.Dispose();
Api.0003,Behavioral change in selected .NET version,Active,Potential,1,Enigmatry.Entry.AspNetCore.Tests.SystemTextJson\Enigmatry.Entry.AspNetCore.Tests.SystemTextJson.csproj,File,Enigmatry.Entry.AspNetCore.Tests.SystemTextJson\Http\HttpResponseMessageExtensions.cs,25,12,T:System.Net.Http.HttpContent,,,,,var content = await response.Content.ReadAsStringAsync();
Api.0003,Behavioral change in selected .NET version,Active,Potential,1,Enigmatry.Entry.AspNetCore.Tests.SystemTextJson\Enigmatry.Entry.AspNetCore.Tests.SystemTextJson.csproj,File,Enigmatry.Entry.AspNetCore.Tests.SystemTextJson\Http\HttpResponseMessageExtensions.cs,15,8,T:System.Net.Http.HttpContent,,,,,var content = await response.Content.ReadAsStringAsync();
Api.0003,Behavioral change in selected .NET version,Active,Potential,1,Enigmatry.Entry.AspNetCore.Tests.SystemTextJson\Enigmatry.Entry.AspNetCore.Tests.SystemTextJson.csproj,File,Enigmatry.Entry.AspNetCore.Tests.SystemTextJson\Http\HttpResponseMessageExtensions.cs,9,8,T:System.Net.Http.HttpContent,,,,,var content = await response.Content.ReadAsStringAsync();
Api.0003,Behavioral change in selected .NET version,Active,Potential,1,Enigmatry.Entry.AspNetCore.Tests.SystemTextJson\Enigmatry.Entry.AspNetCore.Tests.SystemTextJson.csproj,File,Enigmatry.Entry.AspNetCore.Tests.SystemTextJson\Http\JsonHttpClientExtensions.cs,17,4,T:System.Uri,,,,,"public static async Task<T?> GetAsync(this HttpClient client, Uri uri,          params KeyValuePair<string, string>[] parameters)"
Api.0003,Behavioral change in selected .NET version,Active,Potential,1,Enigmatry.Entry.AspNetCore.Tests.SystemTextJson\Enigmatry.Entry.AspNetCore.Tests.SystemTextJson.csproj,File,Enigmatry.Entry.AspNetCore.Tests.SystemTextJson\Http\JsonHttpClientExtensions.cs,20,8,T:System.Uri,,,,,var resourceUri = uri.AppendParameters(parameters);
Project.0002,Project's target framework(s) needs to be changed,Active,Mandatory,1,Enigmatry.Entry.AspNetCore.Tests.SystemTextJson.Tests\Enigmatry.Entry.AspNetCore.Tests.SystemTextJson.Tests.csproj,File,Enigmatry.Entry.AspNetCore.Tests.SystemTextJson.Tests\Enigmatry.Entry.AspNetCore.Tests.SystemTextJson.Tests.csproj,,,,,,,,Current target framework: net9.0 Recommended target framework: net10.0
NuGet.0002,NuGet package upgrade is recommended,Active,Potential,1,Enigmatry.Entry.AspNetCore.Tests.Utilities\Enigmatry.Entry.AspNetCore.Tests.Utilities.csproj,File,Enigmatry.Entry.AspNetCore.Tests.Utilities\Enigmatry.Entry.AspNetCore.Tests.Utilities.csproj,,,Microsoft.Extensions.DependencyInjection.Abstractions 9.0.12,,,,,"Microsoft.Extensions.DependencyInjection.Abstractions, 9.0.12  Recommendation:  Remove Microsoft.Extensions.DependencyInjection.Abstractions, and replace with new package Microsoft.Extensions.DependencyInjection.Abstractions 10.0.2"
NuGet.0002,NuGet package upgrade is recommended,Active,Potential,1,Enigmatry.Entry.AspNetCore.Tests.Utilities\Enigmatry.Entry.AspNetCore.Tests.Utilities.csproj,File,Enigmatry.Entry.AspNetCore.Tests.Utilities\Enigmatry.Entry.AspNetCore.Tests.Utilities.csproj,,,System.Net.Http.Json 9.0.12,,,,,"System.Net.Http.Json, 9.0.12  Recommendation:  Remove System.Net.Http.Json, and replace with new package System.Net.Http.Json 10.0.2"
Project.0002,Project's target framework(s) needs to be changed,Active,Mandatory,1,Enigmatry.Entry.AspNetCore.Tests.Utilities\Enigmatry.Entry.AspNetCore.Tests.Utilities.csproj,File,Enigmatry.Entry.AspNetCore.Tests.Utilities\Enigmatry.Entry.AspNetCore.Tests.Utilities.csproj,,,,,,,,Current target framework: net9.0 Recommended target framework: net10.0
Api.0003,Behavioral change in selected .NET version,Active,Potential,1,Enigmatry.Entry.AspNetCore.Tests.Utilities\Enigmatry.Entry.AspNetCore.Tests.Utilities.csproj,File,Enigmatry.Entry.AspNetCore.Tests.Utilities\Http\UriExtensions.cs,4,4,T:System.Uri,,,,,"public static Uri AppendParameters(this Uri uri, KeyValuePair<string, string>[] parameters)"
Api.0003,Behavioral change in selected .NET version,Active,Potential,1,Enigmatry.Entry.AspNetCore.Tests.Utilities\Enigmatry.Entry.AspNetCore.Tests.Utilities.csproj,File,Enigmatry.Entry.AspNetCore.Tests.Utilities\Http\UriExtensions.cs,4,4,T:System.Uri,,,,,"public static Uri AppendParameters(this Uri uri, KeyValuePair<string, string>[] parameters)"
Api.0003,Behavioral change in selected .NET version,Active,Potential,1,Enigmatry.Entry.AspNetCore.Tests.Utilities\Enigmatry.Entry.AspNetCore.Tests.Utilities.csproj,File,Enigmatry.Entry.AspNetCore.Tests.Utilities\Http\UriExtensions.cs,17,8,T:System.Uri,,,,,"return new Uri(resourceUri, UriKind.Relative);"
Api.0003,Behavioral change in selected .NET version,Active,Potential,1,Enigmatry.Entry.AspNetCore.Tests.Utilities\Enigmatry.Entry.AspNetCore.Tests.Utilities.csproj,File,Enigmatry.Entry.AspNetCore.Tests.Utilities\Http\UriExtensions.cs,17,8,"M:System.Uri.#ctor(System.String,System.UriKind)",,,,,"return new Uri(resourceUri, UriKind.Relative);"
Api.0003,Behavioral change in selected .NET version,Active,Potential,1,Enigmatry.Entry.AspNetCore.Tests.Utilities\Enigmatry.Entry.AspNetCore.Tests.Utilities.csproj,File,Enigmatry.Entry.AspNetCore.Tests.Utilities\Http\UriExtensions.cs,9,8,T:System.Uri,,,,,"var paramsUri = string.Join(""&"",              filteredParameters.Select(p => Uri.EscapeDataString(p.Key) + ""="" + Uri.EscapeDataString(p.Value)));"
Api.0003,Behavioral change in selected .NET version,Active,Potential,1,Enigmatry.Entry.AspNetCore.Tests.Utilities\Enigmatry.Entry.AspNetCore.Tests.Utilities.csproj,File,Enigmatry.Entry.AspNetCore.Tests.Utilities\Http\UriExtensions.cs,9,8,T:System.Uri,,,,,"var paramsUri = string.Join(""&"",              filteredParameters.Select(p => Uri.EscapeDataString(p.Key) + ""="" + Uri.EscapeDataString(p.Value)));"
NuGet.0002,NuGet package upgrade is recommended,Active,Potential,1,Enigmatry.Entry.AzureSearch\Enigmatry.Entry.AzureSearch.csproj,File,Enigmatry.Entry.AzureSearch\Enigmatry.Entry.AzureSearch.csproj,,,Microsoft.Extensions.Configuration.Abstractions 9.0.12,,,,,"Microsoft.Extensions.Configuration.Abstractions, 9.0.12  Recommendation:  Remove Microsoft.Extensions.Configuration.Abstractions, and replace with new package Microsoft.Extensions.Configuration.Abstractions 10.0.2"
NuGet.0002,NuGet package upgrade is recommended,Active,Potential,1,Enigmatry.Entry.AzureSearch\Enigmatry.Entry.AzureSearch.csproj,File,Enigmatry.Entry.AzureSearch\Enigmatry.Entry.AzureSearch.csproj,,,Microsoft.Extensions.DependencyInjection.Abstractions 9.0.12,,,,,"Microsoft.Extensions.DependencyInjection.Abstractions, 9.0.12  Recommendation:  Remove Microsoft.Extensions.DependencyInjection.Abstractions, and replace with new package Microsoft.Extensions.DependencyInjection.Abstractions 10.0.2"
NuGet.0002,NuGet package upgrade is recommended,Active,Potential,1,Enigmatry.Entry.AzureSearch\Enigmatry.Entry.AzureSearch.csproj,File,Enigmatry.Entry.AzureSearch\Enigmatry.Entry.AzureSearch.csproj,,,Microsoft.Extensions.Logging.Abstractions 9.0.12,,,,,"Microsoft.Extensions.Logging.Abstractions, 9.0.12  Recommendation:  Remove Microsoft.Extensions.Logging.Abstractions, and replace with new package Microsoft.Extensions.Logging.Abstractions 10.0.2"
NuGet.0002,NuGet package upgrade is recommended,Active,Potential,1,Enigmatry.Entry.AzureSearch\Enigmatry.Entry.AzureSearch.csproj,File,Enigmatry.Entry.AzureSearch\Enigmatry.Entry.AzureSearch.csproj,,,Microsoft.Extensions.Options.ConfigurationExtensions 9.0.12,,,,,"Microsoft.Extensions.Options.ConfigurationExtensions, 9.0.12  Recommendation:  Remove Microsoft.Extensions.Options.ConfigurationExtensions, and replace with new package Microsoft.Extensions.Options.ConfigurationExtensions 10.0.2"
NuGet.0002,NuGet package upgrade is recommended,Active,Potential,1,Enigmatry.Entry.AzureSearch\Enigmatry.Entry.AzureSearch.csproj,File,Enigmatry.Entry.AzureSearch\Enigmatry.Entry.AzureSearch.csproj,,,System.Text.Json 9.0.12,,,,,"System.Text.Json, 9.0.12  Recommendation:  Remove System.Text.Json, and replace with new package System.Text.Json 10.0.2"
Project.0002,Project's target framework(s) needs to be changed,Active,Mandatory,1,Enigmatry.Entry.AzureSearch\Enigmatry.Entry.AzureSearch.csproj,File,Enigmatry.Entry.AzureSearch\Enigmatry.Entry.AzureSearch.csproj,,,,,,,,Current target framework: net9.0 Recommended target framework: net10.0
Api.0003,Behavioral change in selected .NET version,Active,Potential,1,Enigmatry.Entry.AzureSearch\Enigmatry.Entry.AzureSearch.csproj,File,Enigmatry.Entry.AzureSearch\Extensions\ServiceCollectionExtensions.cs,36,12,T:System.Uri,,,,,"return new SearchIndexClient(options.Value.SearchServiceEndPoint,                  new AzureKeyCredential(options.Value.ApiKey));"
Api.0001,Binary incompatible for selected .NET version,Active,Mandatory,1,Enigmatry.Entry.AzureSearch\Enigmatry.Entry.AzureSearch.csproj,File,Enigmatry.Entry.AzureSearch\Extensions\ServiceCollectionExtensions.cs,18,8,"M:Microsoft.Extensions.DependencyInjection.OptionsConfigurationServiceCollectionExtensions.Configure``1(Microsoft.Extensions.DependencyInjection.IServiceCollection,Microsoft.Extensions.Configuration.IConfiguration)",,,,,services.Configure<SearchSettings>(configuration);
Api.0003,Behavioral change in selected .NET version,Active,Potential,1,Enigmatry.Entry.AzureSearch\Enigmatry.Entry.AzureSearch.csproj,File,Enigmatry.Entry.AzureSearch\SearchSettings.cs,13,8,T:System.Uri,,,,,target.SearchServiceEndPoint = SearchServiceEndPoint;
Api.0003,Behavioral change in selected .NET version,Active,Potential,1,Enigmatry.Entry.AzureSearch\Enigmatry.Entry.AzureSearch.csproj,File,Enigmatry.Entry.AzureSearch\SearchSettings.cs,13,8,T:System.Uri,,,,,target.SearchServiceEndPoint = SearchServiceEndPoint;
Api.0003,Behavioral change in selected .NET version,Active,Potential,1,Enigmatry.Entry.AzureSearch\Enigmatry.Entry.AzureSearch.csproj,File,Enigmatry.Entry.AzureSearch\SearchSettings.cs,8,44,T:System.Uri,,,,,set;
Api.0003,Behavioral change in selected .NET version,Active,Potential,1,Enigmatry.Entry.AzureSearch\Enigmatry.Entry.AzureSearch.csproj,File,Enigmatry.Entry.AzureSearch\SearchSettings.cs,8,39,T:System.Uri,,,,,get;
Api.0003,Behavioral change in selected .NET version,Active,Potential,1,Enigmatry.Entry.AzureSearch\Enigmatry.Entry.AzureSearch.csproj,File,Enigmatry.Entry.AzureSearch\SearchSettings.cs,8,4,T:System.Uri,,,,,public Uri SearchServiceEndPoint
Api.0003,Behavioral change in selected .NET version,Active,Potential,1,Enigmatry.Entry.AzureSearch\Enigmatry.Entry.AzureSearch.csproj,File,Enigmatry.Entry.AzureSearch\DefaultSearchClientFactory.cs,20,12,T:System.Uri,,,,,_searchSettings.Value.SearchServiceEndPoint
NuGet.0002,NuGet package upgrade is recommended,Active,Potential,1,Enigmatry.Entry.AzureSearch.Tests\Enigmatry.Entry.AzureSearch.Tests.csproj,File,Enigmatry.Entry.AzureSearch.Tests\Enigmatry.Entry.AzureSearch.Tests.csproj,,,Microsoft.Extensions.Configuration.EnvironmentVariables 9.0.12,,,,,"Microsoft.Extensions.Configuration.EnvironmentVariables, 9.0.12  Recommendation:  Remove Microsoft.Extensions.Configuration.EnvironmentVariables, and replace with new package Microsoft.Extensions.Configuration.EnvironmentVariables 10.0.2"
NuGet.0002,NuGet package upgrade is recommended,Active,Potential,1,Enigmatry.Entry.AzureSearch.Tests\Enigmatry.Entry.AzureSearch.Tests.csproj,File,Enigmatry.Entry.AzureSearch.Tests\Enigmatry.Entry.AzureSearch.Tests.csproj,,,Microsoft.Extensions.Configuration.UserSecrets 9.0.12,,,,,"Microsoft.Extensions.Configuration.UserSecrets, 9.0.12  Recommendation:  Remove Microsoft.Extensions.Configuration.UserSecrets, and replace with new package Microsoft.Extensions.Configuration.UserSecrets 10.0.2"
NuGet.0002,NuGet package upgrade is recommended,Active,Potential,1,Enigmatry.Entry.AzureSearch.Tests\Enigmatry.Entry.AzureSearch.Tests.csproj,File,Enigmatry.Entry.AzureSearch.Tests\Enigmatry.Entry.AzureSearch.Tests.csproj,,,Microsoft.Extensions.DependencyInjection 9.0.12,,,,,"Microsoft.Extensions.DependencyInjection, 9.0.12  Recommendation:  Remove Microsoft.Extensions.DependencyInjection, and replace with new package Microsoft.Extensions.DependencyInjection 10.0.2"
NuGet.0002,NuGet package upgrade is recommended,Active,Potential,1,Enigmatry.Entry.AzureSearch.Tests\Enigmatry.Entry.AzureSearch.Tests.csproj,File,Enigmatry.Entry.AzureSearch.Tests\Enigmatry.Entry.AzureSearch.Tests.csproj,,,Microsoft.Extensions.Logging.Abstractions 9.0.12,,,,,"Microsoft.Extensions.Logging.Abstractions, 9.0.12  Recommendation:  Remove Microsoft.Extensions.Logging.Abstractions, and replace with new package Microsoft.Extensions.Logging.Abstractions 10.0.2"
NuGet.0002,NuGet package upgrade is recommended,Active,Potential,1,Enigmatry.Entry.AzureSearch.Tests\Enigmatry.Entry.AzureSearch.Tests.csproj,File,Enigmatry.Entry.AzureSearch.Tests\Enigmatry.Entry.AzureSearch.Tests.csproj,,,Microsoft.Extensions.Logging.Console 9.0.12,,,,,"Microsoft.Extensions.Logging.Console, 9.0.12  Recommendation:  Remove Microsoft.Extensions.Logging.Console, and replace with new package Microsoft.Extensions.Logging.Console 10.0.2"
Project.0002,Project's target framework(s) needs to be changed,Active,Mandatory,1,Enigmatry.Entry.AzureSearch.Tests\Enigmatry.Entry.AzureSearch.Tests.csproj,File,Enigmatry.Entry.AzureSearch.Tests\Enigmatry.Entry.AzureSearch.Tests.csproj,,,,,,,,Current target framework: net9.0 Recommended target framework: net10.0
Api.0002,Source incompatible for selected .NET version,Active,Potential,1,Enigmatry.Entry.AzureSearch.Tests\Enigmatry.Entry.AzureSearch.Tests.csproj,File,Enigmatry.Entry.AzureSearch.Tests\Searching\FullTextSearchFixture.cs,20,8,M:System.TimeSpan.FromSeconds(System.Int64),,,,,"await UpdateDocuments(testCase.Documents, TimeSpan.FromSeconds(2));"
Api.0003,Behavioral change in selected .NET version,Active,Potential,1,Enigmatry.Entry.AzureSearch.Tests\Enigmatry.Entry.AzureSearch.Tests.csproj,File,Enigmatry.Entry.AzureSearch.Tests\Setup\ServiceCollectionBuilder.cs,26,16,T:System.Uri,,,,,configure.SearchServiceEndPoint = new Uri(configuration[AzureSearchSearchServiceEndpointKey]!);
Api.0003,Behavioral change in selected .NET version,Active,Potential,1,Enigmatry.Entry.AzureSearch.Tests\Enigmatry.Entry.AzureSearch.Tests.csproj,File,Enigmatry.Entry.AzureSearch.Tests\Setup\ServiceCollectionBuilder.cs,26,16,M:System.Uri.#ctor(System.String),,,,,configure.SearchServiceEndPoint = new Uri(configuration[AzureSearchSearchServiceEndpointKey]!);
Api.0003,Behavioral change in selected .NET version,Active,Potential,1,Enigmatry.Entry.AzureSearch.Tests\Enigmatry.Entry.AzureSearch.Tests.csproj,File,Enigmatry.Entry.AzureSearch.Tests\Setup\ServiceCollectionBuilder.cs,26,16,T:System.Uri,,,,,configure.SearchServiceEndPoint = new Uri(configuration[AzureSearchSearchServiceEndpointKey]!);
Api.0003,Behavioral change in selected .NET version,Active,Potential,1,Enigmatry.Entry.AzureSearch.Tests\Enigmatry.Entry.AzureSearch.Tests.csproj,File,Enigmatry.Entry.AzureSearch.Tests\Setup\ServiceCollectionBuilder.cs,18,8,M:Microsoft.Extensions.Logging.ConsoleLoggerExtensions.AddConsole(Microsoft.Extensions.Logging.ILoggingBuilder),,,,,_services.AddLogging(configure => configure.AddConsole());
NuGet.0002,NuGet package upgrade is recommended,Active,Potential,1,Enigmatry.Entry.BlobStorage\Enigmatry.Entry.BlobStorage.csproj,File,Enigmatry.Entry.BlobStorage\Enigmatry.Entry.BlobStorage.csproj,,,Microsoft.Bcl.AsyncInterfaces 9.0.12,,,,,"Microsoft.Bcl.AsyncInterfaces, 9.0.12  Recommendation:  Remove Microsoft.Bcl.AsyncInterfaces, and replace with new package Microsoft.Bcl.AsyncInterfaces 10.0.2"
NuGet.0002,NuGet package upgrade is recommended,Active,Potential,1,Enigmatry.Entry.BlobStorage\Enigmatry.Entry.BlobStorage.csproj,File,Enigmatry.Entry.BlobStorage\Enigmatry.Entry.BlobStorage.csproj,,,Microsoft.Extensions.Configuration.Abstractions 9.0.12,,,,,"Microsoft.Extensions.Configuration.Abstractions, 9.0.12  Recommendation:  Remove Microsoft.Extensions.Configuration.Abstractions, and replace with new package Microsoft.Extensions.Configuration.Abstractions 10.0.2"
NuGet.0002,NuGet package upgrade is recommended,Active,Potential,1,Enigmatry.Entry.BlobStorage\Enigmatry.Entry.BlobStorage.csproj,File,Enigmatry.Entry.BlobStorage\Enigmatry.Entry.BlobStorage.csproj,,,Microsoft.Extensions.Configuration.Binder 9.0.12,,,,,"Microsoft.Extensions.Configuration.Binder, 9.0.12  Recommendation:  Remove Microsoft.Extensions.Configuration.Binder, and replace with new package Microsoft.Extensions.Configuration.Binder 10.0.2"
NuGet.0002,NuGet package upgrade is recommended,Active,Potential,1,Enigmatry.Entry.BlobStorage\Enigmatry.Entry.BlobStorage.csproj,File,Enigmatry.Entry.BlobStorage\Enigmatry.Entry.BlobStorage.csproj,,,Microsoft.Extensions.DependencyInjection.Abstractions 9.0.12,,,,,"Microsoft.Extensions.DependencyInjection.Abstractions, 9.0.12  Recommendation:  Remove Microsoft.Extensions.DependencyInjection.Abstractions, and replace with new package Microsoft.Extensions.DependencyInjection.Abstractions 10.0.2"
NuGet.0002,NuGet package upgrade is recommended,Active,Potential,1,Enigmatry.Entry.BlobStorage\Enigmatry.Entry.BlobStorage.csproj,File,Enigmatry.Entry.BlobStorage\Enigmatry.Entry.BlobStorage.csproj,,,Microsoft.Extensions.Options 9.0.12,,,,,"Microsoft.Extensions.Options, 9.0.12  Recommendation:  Remove Microsoft.Extensions.Options, and replace with new package Microsoft.Extensions.Options 10.0.2"
NuGet.0002,NuGet package upgrade is recommended,Active,Potential,1,Enigmatry.Entry.BlobStorage\Enigmatry.Entry.BlobStorage.csproj,File,Enigmatry.Entry.BlobStorage\Enigmatry.Entry.BlobStorage.csproj,,,Microsoft.Extensions.Options.ConfigurationExtensions 9.0.12,,,,,"Microsoft.Extensions.Options.ConfigurationExtensions, 9.0.12  Recommendation:  Remove Microsoft.Extensions.Options.ConfigurationExtensions, and replace with new package Microsoft.Extensions.Options.ConfigurationExtensions 10.0.2"
NuGet.0002,NuGet package upgrade is recommended,Active,Potential,1,Enigmatry.Entry.BlobStorage\Enigmatry.Entry.BlobStorage.csproj,File,Enigmatry.Entry.BlobStorage\Enigmatry.Entry.BlobStorage.csproj,,,System.Text.Json 9.0.12,,,,,"System.Text.Json, 9.0.12  Recommendation:  Remove System.Text.Json, and replace with new package System.Text.Json 10.0.2"
Project.0002,Project's target framework(s) needs to be changed,Active,Mandatory,1,Enigmatry.Entry.BlobStorage\Enigmatry.Entry.BlobStorage.csproj,File,Enigmatry.Entry.BlobStorage\Enigmatry.Entry.BlobStorage.csproj,,,,,,,,Current target framework: net9.0 Recommended target framework: net10.0
Api.0003,Behavioral change in selected .NET version,Active,Potential,1,Enigmatry.Entry.BlobStorage\Enigmatry.Entry.BlobStorage.csproj,File,Enigmatry.Entry.BlobStorage\Azure\AzureBlobSharedUri.cs,40,4,T:System.Uri,,,,,private static AzureBlobSharedUri Parse(Uri uri)
Api.0003,Behavioral change in selected .NET version,Active,Potential,1,Enigmatry.Entry.BlobStorage\Enigmatry.Entry.BlobStorage.csproj,File,Enigmatry.Entry.BlobStorage\Azure\AzureBlobSharedUri.cs,24,4,T:System.Uri,,,,,"public static bool TryParse(Uri uri, out AzureBlobSharedUri sharedUri)"
Api.0003,Behavioral change in selected .NET version,Active,Potential,1,Enigmatry.Entry.BlobStorage\Enigmatry.Entry.BlobStorage.csproj,File,Enigmatry.Entry.BlobStorage\Azure\AzurePrivateBlobStorage.cs,36,8,T:System.Uri,,,,,var uri = new Uri(BuildResourcePath(relativePath));
Api.0003,Behavioral change in selected .NET version,Active,Potential,1,Enigmatry.Entry.BlobStorage\Enigmatry.Entry.BlobStorage.csproj,File,Enigmatry.Entry.BlobStorage\Azure\AzurePrivateBlobStorage.cs,36,8,M:System.Uri.#ctor(System.String),,,,,var uri = new Uri(BuildResourcePath(relativePath));
Api.0003,Behavioral change in selected .NET version,Active,Potential,1,Enigmatry.Entry.BlobStorage\Enigmatry.Entry.BlobStorage.csproj,File,Enigmatry.Entry.BlobStorage\Azure\AzurePrivateBlobStorage.cs,15,4,T:System.Uri,,,,,public bool VerifySharedResourcePath(Uri uri)
Api.0001,Binary incompatible for selected .NET version,Active,Mandatory,1,Enigmatry.Entry.BlobStorage\Enigmatry.Entry.BlobStorage.csproj,File,Enigmatry.Entry.BlobStorage\Azure\AzureBlobStorageServiceCollectionExtensions.cs,60,8,M:Microsoft.Extensions.Configuration.ConfigurationBinder.Get``1(Microsoft.Extensions.Configuration.IConfiguration),,,,,var configurationSection = configuration.GetSection(ConfigurationKey)              .Get<AzureBlobStorageSettings>();
Api.0003,Behavioral change in selected .NET version,Active,Potential,1,Enigmatry.Entry.BlobStorage\Enigmatry.Entry.BlobStorage.csproj,File,Enigmatry.Entry.BlobStorage\Azure\AzureBlobStorage.cs,66,4,T:System.Uri,,,,,"public async Task CopyAsync(string relativePath, Uri absoluteUri, CancellationToken cancellationToken)"
Api.0003,Behavioral change in selected .NET version,Active,Potential,1,Enigmatry.Entry.BlobStorage\Enigmatry.Entry.BlobStorage.csproj,File,Enigmatry.Entry.BlobStorage\Azure\AzureBlobStorage.cs,17,69,T:System.Uri,,,,,Container.Uri
Api.0003,Behavioral change in selected .NET version,Active,Potential,1,Enigmatry.Entry.BlobStorage\Enigmatry.Entry.BlobStorage.csproj,File,Enigmatry.Entry.BlobStorage\Azure\AzureBlobStorage.cs,17,40,T:System.Uri,,,,,Container.Uri
Api.0003,Behavioral change in selected .NET version,Active,Potential,1,Enigmatry.Entry.BlobStorage\Enigmatry.Entry.BlobStorage.csproj,File,Enigmatry.Entry.BlobStorage\IPrivateBlobStorage.cs,9,4,T:System.Uri,,,,, bool VerifySharedResourcePath(Uri uri)
Api.0003,Behavioral change in selected .NET version,Active,Potential,1,Enigmatry.Entry.BlobStorage\Enigmatry.Entry.BlobStorage.csproj,File,Enigmatry.Entry.BlobStorage\IBlobStorage.cs,15,4,T:System.Uri,,,,," Task CopyAsync(string relativeUri, Uri absoluteUri, CancellationToken cancellationToken)"
Project.0002,Project's target framework(s) needs to be changed,Active,Mandatory,1,Enigmatry.Entry.BlobStorage.Tests\Enigmatry.Entry.BlobStorage.Tests.csproj,File,Enigmatry.Entry.BlobStorage.Tests\Enigmatry.Entry.BlobStorage.Tests.csproj,,,,,,,,Current target framework: net9.0 Recommended target framework: net10.0
Api.0003,Behavioral change in selected .NET version,Active,Potential,1,Enigmatry.Entry.BlobStorage.Tests\Enigmatry.Entry.BlobStorage.Tests.csproj,File,Enigmatry.Entry.BlobStorage.Tests\AzurePrivateBlobStorageFixture.cs,147,8,T:System.Uri,,,,,_blobStorage.VerifySharedResourcePath(new Uri(path)).ShouldBeFalse();
Api.0003,Behavioral change in selected .NET version,Active,Potential,1,Enigmatry.Entry.BlobStorage.Tests\Enigmatry.Entry.BlobStorage.Tests.csproj,File,Enigmatry.Entry.BlobStorage.Tests\AzurePrivateBlobStorageFixture.cs,147,8,M:System.Uri.#ctor(System.String),,,,,_blobStorage.VerifySharedResourcePath(new Uri(path)).ShouldBeFalse();
Api.0003,Behavioral change in selected .NET version,Active,Potential,1,Enigmatry.Entry.BlobStorage.Tests\Enigmatry.Entry.BlobStorage.Tests.csproj,File,Enigmatry.Entry.BlobStorage.Tests\AzurePrivateBlobStorageFixture.cs,137,8,T:System.Uri,,,,,_blobStorage.VerifySharedResourcePath(new Uri(path)).ShouldBeFalse();
Api.0003,Behavioral change in selected .NET version,Active,Potential,1,Enigmatry.Entry.BlobStorage.Tests\Enigmatry.Entry.BlobStorage.Tests.csproj,File,Enigmatry.Entry.BlobStorage.Tests\AzurePrivateBlobStorageFixture.cs,137,8,M:System.Uri.#ctor(System.String),,,,,_blobStorage.VerifySharedResourcePath(new Uri(path)).ShouldBeFalse();
Api.0003,Behavioral change in selected .NET version,Active,Potential,1,Enigmatry.Entry.BlobStorage.Tests\Enigmatry.Entry.BlobStorage.Tests.csproj,File,Enigmatry.Entry.BlobStorage.Tests\AzurePrivateBlobStorageFixture.cs,126,8,T:System.Uri,,,,,_blobStorage.VerifySharedResourcePath(new Uri(path)).ShouldBeFalse();
Api.0003,Behavioral change in selected .NET version,Active,Potential,1,Enigmatry.Entry.BlobStorage.Tests\Enigmatry.Entry.BlobStorage.Tests.csproj,File,Enigmatry.Entry.BlobStorage.Tests\AzurePrivateBlobStorageFixture.cs,126,8,M:System.Uri.#ctor(System.String),,,,,_blobStorage.VerifySharedResourcePath(new Uri(path)).ShouldBeFalse();
Api.0003,Behavioral change in selected .NET version,Active,Potential,1,Enigmatry.Entry.BlobStorage.Tests\Enigmatry.Entry.BlobStorage.Tests.csproj,File,Enigmatry.Entry.BlobStorage.Tests\AzurePrivateBlobStorageFixture.cs,116,8,T:System.Uri,,,,,_blobStorage.VerifySharedResourcePath(new Uri(path)).ShouldBeTrue();
Api.0003,Behavioral change in selected .NET version,Active,Potential,1,Enigmatry.Entry.BlobStorage.Tests\Enigmatry.Entry.BlobStorage.Tests.csproj,File,Enigmatry.Entry.BlobStorage.Tests\AzurePrivateBlobStorageFixture.cs,116,8,M:System.Uri.#ctor(System.String),,,,,_blobStorage.VerifySharedResourcePath(new Uri(path)).ShouldBeTrue();
Api.0003,Behavioral change in selected .NET version,Active,Potential,1,Enigmatry.Entry.BlobStorage.Tests\Enigmatry.Entry.BlobStorage.Tests.csproj,File,Enigmatry.Entry.BlobStorage.Tests\AzurePrivateBlobStorageFixture.cs,97,8,T:System.Uri,,,,,"var isSasUriValid = AzureBlobSharedUri.TryParse(new Uri(path), out var sasUri);"
Api.0003,Behavioral change in selected .NET version,Active,Potential,1,Enigmatry.Entry.BlobStorage.Tests\Enigmatry.Entry.BlobStorage.Tests.csproj,File,Enigmatry.Entry.BlobStorage.Tests\AzurePrivateBlobStorageFixture.cs,97,8,M:System.Uri.#ctor(System.String),,,,,"var isSasUriValid = AzureBlobSharedUri.TryParse(new Uri(path), out var sasUri);"
Api.0003,Behavioral change in selected .NET version,Active,Potential,1,Enigmatry.Entry.BlobStorage.Tests\Enigmatry.Entry.BlobStorage.Tests.csproj,File,Enigmatry.Entry.BlobStorage.Tests\AzurePrivateBlobStorageFixture.cs,74,8,T:System.Uri,,,,,"var isSasUriValid = AzureBlobSharedUri.TryParse(new Uri(path), out var sasUri);"
Api.0003,Behavioral change in selected .NET version,Active,Potential,1,Enigmatry.Entry.BlobStorage.Tests\Enigmatry.Entry.BlobStorage.Tests.csproj,File,Enigmatry.Entry.BlobStorage.Tests\AzurePrivateBlobStorageFixture.cs,74,8,M:System.Uri.#ctor(System.String),,,,,"var isSasUriValid = AzureBlobSharedUri.TryParse(new Uri(path), out var sasUri);"
Api.0003,Behavioral change in selected .NET version,Active,Potential,1,Enigmatry.Entry.BlobStorage.Tests\Enigmatry.Entry.BlobStorage.Tests.csproj,File,Enigmatry.Entry.BlobStorage.Tests\AzurePrivateBlobStorageFixture.cs,60,8,T:System.Uri,,,,,"var isSasUriValid = AzureBlobSharedUri.TryParse(new Uri(path), out var sasUri);"
Api.0003,Behavioral change in selected .NET version,Active,Potential,1,Enigmatry.Entry.BlobStorage.Tests\Enigmatry.Entry.BlobStorage.Tests.csproj,File,Enigmatry.Entry.BlobStorage.Tests\AzurePrivateBlobStorageFixture.cs,60,8,M:System.Uri.#ctor(System.String),,,,,"var isSasUriValid = AzureBlobSharedUri.TryParse(new Uri(path), out var sasUri);"
Api.0003,Behavioral change in selected .NET version,Active,Potential,1,Enigmatry.Entry.BlobStorage.Tests\Enigmatry.Entry.BlobStorage.Tests.csproj,File,Enigmatry.Entry.BlobStorage.Tests\AzurePrivateBlobStorageFixture.cs,42,8,T:System.Uri,,,,,"var isSasUriValid = AzureBlobSharedUri.TryParse(new Uri(path), out var sasUri);"
Api.0003,Behavioral change in selected .NET version,Active,Potential,1,Enigmatry.Entry.BlobStorage.Tests\Enigmatry.Entry.BlobStorage.Tests.csproj,File,Enigmatry.Entry.BlobStorage.Tests\AzurePrivateBlobStorageFixture.cs,42,8,M:System.Uri.#ctor(System.String),,,,,"var isSasUriValid = AzureBlobSharedUri.TryParse(new Uri(path), out var sasUri);"
Api.0003,Behavioral change in selected .NET version,Active,Potential,1,Enigmatry.Entry.BlobStorage.Tests\Enigmatry.Entry.BlobStorage.Tests.csproj,File,Enigmatry.Entry.BlobStorage.Tests\AzureBlobStorageFixture.cs,43,8,T:System.Uri,,,,,"var blob = new BlobClient(new Uri($""https://{AccountName}.blob.core.windows.net/{ContainerName}/{ResourceName}""));"
Api.0003,Behavioral change in selected .NET version,Active,Potential,1,Enigmatry.Entry.BlobStorage.Tests\Enigmatry.Entry.BlobStorage.Tests.csproj,File,Enigmatry.Entry.BlobStorage.Tests\AzureBlobStorageFixture.cs,43,8,M:System.Uri.#ctor(System.String),,,,,"var blob = new BlobClient(new Uri($""https://{AccountName}.blob.core.windows.net/{ContainerName}/{ResourceName}""));"
NuGet.0002,NuGet package upgrade is recommended,Active,Potential,1,Enigmatry.Entry.Core\Enigmatry.Entry.Core.csproj,File,Enigmatry.Entry.Core\Enigmatry.Entry.Core.csproj,,,Microsoft.Extensions.Logging.Abstractions 9.0.12,,,,,"Microsoft.Extensions.Logging.Abstractions, 9.0.12  Recommendation:  Remove Microsoft.Extensions.Logging.Abstractions, and replace with new package Microsoft.Extensions.Logging.Abstractions 10.0.2"
NuGet.0003,NuGet package functionality is included with framework reference,Active,Mandatory,1,Enigmatry.Entry.Core\Enigmatry.Entry.Core.csproj,File,Enigmatry.Entry.Core\Enigmatry.Entry.Core.csproj,,,System.ComponentModel.Annotations 5.0.0,,,,,"System.ComponentModel.Annotations, 5.0.0  Recommendation:  Package functionality included with new framework reference"
Project.0002,Project's target framework(s) needs to be changed,Active,Mandatory,1,Enigmatry.Entry.Core\Enigmatry.Entry.Core.csproj,File,Enigmatry.Entry.Core\Enigmatry.Entry.Core.csproj,,,,,,,,Current target framework: net9.0 Recommended target framework: net10.0
NuGet.0002,NuGet package upgrade is recommended,Active,Potential,1,Enigmatry.Entry.Core.EntityFramework\Enigmatry.Entry.Core.EntityFramework.csproj,File,Enigmatry.Entry.Core.EntityFramework\Enigmatry.Entry.Core.EntityFramework.csproj,,,Microsoft.EntityFrameworkCore 9.0.12,,,,,"Microsoft.EntityFrameworkCore, 9.0.12  Recommendation:  Remove Microsoft.EntityFrameworkCore, and replace with new package Microsoft.EntityFrameworkCore 10.0.2"
Project.0002,Project's target framework(s) needs to be changed,Active,Mandatory,1,Enigmatry.Entry.Core.EntityFramework\Enigmatry.Entry.Core.EntityFramework.csproj,File,Enigmatry.Entry.Core.EntityFramework\Enigmatry.Entry.Core.EntityFramework.csproj,,,,,,,,Current target framework: net9.0 Recommended target framework: net10.0
Project.0002,Project's target framework(s) needs to be changed,Active,Mandatory,1,Enigmatry.Entry.Core.Tests\Enigmatry.Entry.Core.Tests.csproj,File,Enigmatry.Entry.Core.Tests\Enigmatry.Entry.Core.Tests.csproj,,,,,,,,Current target framework: net9.0 Recommended target framework: net10.0
Project.0002,Project's target framework(s) needs to be changed,Active,Mandatory,1,Enigmatry.Entry.Csv\Enigmatry.Entry.Csv.csproj,File,Enigmatry.Entry.Csv\Enigmatry.Entry.Csv.csproj,,,,,,,,Current target framework: net9.0 Recommended target framework: net10.0
Project.0002,Project's target framework(s) needs to be changed,Active,Mandatory,1,Enigmatry.Entry.Csv.Tests\Enigmatry.Entry.Csv.Tests.csproj,File,Enigmatry.Entry.Csv.Tests\Enigmatry.Entry.Csv.Tests.csproj,,,,,,,,Current target framework: net9.0 Recommended target framework: net10.0
NuGet.0002,NuGet package upgrade is recommended,Active,Potential,1,Enigmatry.Entry.EmailClient\Enigmatry.Entry.Email.csproj,File,Enigmatry.Entry.EmailClient\Enigmatry.Entry.Email.csproj,,,Microsoft.Extensions.Configuration.Binder 9.0.12,,,,,"Microsoft.Extensions.Configuration.Binder, 9.0.12  Recommendation:  Remove Microsoft.Extensions.Configuration.Binder, and replace with new package Microsoft.Extensions.Configuration.Binder 10.0.2"
NuGet.0002,NuGet package upgrade is recommended,Active,Potential,1,Enigmatry.Entry.EmailClient\Enigmatry.Entry.Email.csproj,File,Enigmatry.Entry.EmailClient\Enigmatry.Entry.Email.csproj,,,Microsoft.Extensions.DependencyInjection.Abstractions 9.0.12,,,,,"Microsoft.Extensions.DependencyInjection.Abstractions, 9.0.12  Recommendation:  Remove Microsoft.Extensions.DependencyInjection.Abstractions, and replace with new package Microsoft.Extensions.DependencyInjection.Abstractions 10.0.2"
NuGet.0002,NuGet package upgrade is recommended,Active,Potential,1,Enigmatry.Entry.EmailClient\Enigmatry.Entry.Email.csproj,File,Enigmatry.Entry.EmailClient\Enigmatry.Entry.Email.csproj,,,Microsoft.Extensions.Options 9.0.12,,,,,"Microsoft.Extensions.Options, 9.0.12  Recommendation:  Remove Microsoft.Extensions.Options, and replace with new package Microsoft.Extensions.Options 10.0.2"
NuGet.0002,NuGet package upgrade is recommended,Active,Potential,1,Enigmatry.Entry.EmailClient\Enigmatry.Entry.Email.csproj,File,Enigmatry.Entry.EmailClient\Enigmatry.Entry.Email.csproj,,,Microsoft.Extensions.Options.ConfigurationExtensions 9.0.12,,,,,"Microsoft.Extensions.Options.ConfigurationExtensions, 9.0.12  Recommendation:  Remove Microsoft.Extensions.Options.ConfigurationExtensions, and replace with new package Microsoft.Extensions.Options.ConfigurationExtensions 10.0.2"
Project.0002,Project's target framework(s) needs to be changed,Active,Mandatory,1,Enigmatry.Entry.EmailClient\Enigmatry.Entry.Email.csproj,File,Enigmatry.Entry.EmailClient\Enigmatry.Entry.Email.csproj,,,,,,,,Current target framework: net9.0 Recommended target framework: net10.0
Api.0001,Binary incompatible for selected .NET version,Active,Mandatory,1,Enigmatry.Entry.EmailClient\Enigmatry.Entry.Email.csproj,File,Enigmatry.Entry.EmailClient\EmailClientStartupExtension.cs,25,12,M:Microsoft.Extensions.Configuration.ConfigurationBinder.Get``1(Microsoft.Extensions.Configuration.IConfiguration),,,,,var smtpSettings = section.Get<SmtpSettings>()!;
Api.0001,Binary incompatible for selected .NET version,Active,Mandatory,1,Enigmatry.Entry.EmailClient\Enigmatry.Entry.Email.csproj,File,Enigmatry.Entry.EmailClient\EmailClientStartupExtension.cs,23,12,"M:Microsoft.Extensions.DependencyInjection.OptionsConfigurationServiceCollectionExtensions.Configure``1(Microsoft.Extensions.DependencyInjection.IServiceCollection,Microsoft.Extensions.Configuration.IConfiguration)",,,,,services.Configure<SmtpSettings>(section);
NuGet.0002,NuGet package upgrade is recommended,Active,Potential,1,Enigmatry.Entry.Email.Tests\Enigmatry.Entry.Email.Tests.csproj,File,Enigmatry.Entry.Email.Tests\Enigmatry.Entry.Email.Tests.csproj,,,Microsoft.Extensions.Configuration 9.0.12,,,,,"Microsoft.Extensions.Configuration, 9.0.12  Recommendation:  Remove Microsoft.Extensions.Configuration, and replace with new package Microsoft.Extensions.Configuration 10.0.2"
NuGet.0002,NuGet package upgrade is recommended,Active,Potential,1,Enigmatry.Entry.Email.Tests\Enigmatry.Entry.Email.Tests.csproj,File,Enigmatry.Entry.Email.Tests\Enigmatry.Entry.Email.Tests.csproj,,,Microsoft.Extensions.Logging 9.0.12,,,,,"Microsoft.Extensions.Logging, 9.0.12  Recommendation:  Remove Microsoft.Extensions.Logging, and replace with new package Microsoft.Extensions.Logging 10.0.2"
Project.0002,Project's target framework(s) needs to be changed,Active,Mandatory,1,Enigmatry.Entry.Email.Tests\Enigmatry.Entry.Email.Tests.csproj,File,Enigmatry.Entry.Email.Tests\Enigmatry.Entry.Email.Tests.csproj,,,,,,,,Current target framework: net9.0 Recommended target framework: net10.0
NuGet.0002,NuGet package upgrade is recommended,Active,Potential,1,Enigmatry.Entry.EntityFramework\Enigmatry.Entry.EntityFramework.csproj,File,Enigmatry.Entry.EntityFramework\Enigmatry.Entry.EntityFramework.csproj,,,Microsoft.EntityFrameworkCore.SqlServer 9.0.12,,,,,"Microsoft.EntityFrameworkCore.SqlServer, 9.0.12  Recommendation:  Remove Microsoft.EntityFrameworkCore.SqlServer, and replace with new package Microsoft.EntityFrameworkCore.SqlServer 10.0.2"
NuGet.0002,NuGet package upgrade is recommended,Active,Potential,1,Enigmatry.Entry.EntityFramework\Enigmatry.Entry.EntityFramework.csproj,File,Enigmatry.Entry.EntityFramework\Enigmatry.Entry.EntityFramework.csproj,,,Microsoft.Extensions.Logging.Abstractions 9.0.12,,,,,"Microsoft.Extensions.Logging.Abstractions, 9.0.12  Recommendation:  Remove Microsoft.Extensions.Logging.Abstractions, and replace with new package Microsoft.Extensions.Logging.Abstractions 10.0.2"
NuGet.0002,NuGet package upgrade is recommended,Active,Potential,1,Enigmatry.Entry.EntityFramework\Enigmatry.Entry.EntityFramework.csproj,File,Enigmatry.Entry.EntityFramework\Enigmatry.Entry.EntityFramework.csproj,,,System.Text.Json 9.0.12,,,,,"System.Text.Json, 9.0.12  Recommendation:  Remove System.Text.Json, and replace with new package System.Text.Json 10.0.2"
Project.0002,Project's target framework(s) needs to be changed,Active,Mandatory,1,Enigmatry.Entry.EntityFramework\Enigmatry.Entry.EntityFramework.csproj,File,Enigmatry.Entry.EntityFramework\Enigmatry.Entry.EntityFramework.csproj,,,,,,,,Current target framework: net9.0 Recommended target framework: net10.0
NuGet.0002,NuGet package upgrade is recommended,Active,Potential,1,Enigmatry.Entry.EntityFramework.Tests\Enigmatry.Entry.EntityFramework.Tests.csproj,File,Enigmatry.Entry.EntityFramework.Tests\Enigmatry.Entry.EntityFramework.Tests.csproj,,,Microsoft.EntityFrameworkCore.InMemory 9.0.12,,,,,"Microsoft.EntityFrameworkCore.InMemory, 9.0.12  Recommendation:  Remove Microsoft.EntityFrameworkCore.InMemory, and replace with new package Microsoft.EntityFrameworkCore.InMemory 10.0.2"
NuGet.0002,NuGet package upgrade is recommended,Active,Potential,1,Enigmatry.Entry.EntityFramework.Tests\Enigmatry.Entry.EntityFramework.Tests.csproj,File,Enigmatry.Entry.EntityFramework.Tests\Enigmatry.Entry.EntityFramework.Tests.csproj,,,Microsoft.Extensions.DependencyInjection.Abstractions 9.0.12,,,,,"Microsoft.Extensions.DependencyInjection.Abstractions, 9.0.12  Recommendation:  Remove Microsoft.Extensions.DependencyInjection.Abstractions, and replace with new package Microsoft.Extensions.DependencyInjection.Abstractions 10.0.2"
Project.0002,Project's target framework(s) needs to be changed,Active,Mandatory,1,Enigmatry.Entry.EntityFramework.Tests\Enigmatry.Entry.EntityFramework.Tests.csproj,File,Enigmatry.Entry.EntityFramework.Tests\Enigmatry.Entry.EntityFramework.Tests.csproj,,,,,,,,Current target framework: net9.0 Recommended target framework: net10.0
NuGet.0002,NuGet package upgrade is recommended,Active,Potential,1,Enigmatry.Entry.GraphApi\Enigmatry.Entry.GraphApi.csproj,File,Enigmatry.Entry.GraphApi\Enigmatry.Entry.GraphApi.csproj,,,Microsoft.Extensions.Configuration.Binder 9.0.12,,,,,"Microsoft.Extensions.Configuration.Binder, 9.0.12  Recommendation:  Remove Microsoft.Extensions.Configuration.Binder, and replace with new package Microsoft.Extensions.Configuration.Binder 10.0.2"
NuGet.0002,NuGet package upgrade is recommended,Active,Potential,1,Enigmatry.Entry.GraphApi\Enigmatry.Entry.GraphApi.csproj,File,Enigmatry.Entry.GraphApi\Enigmatry.Entry.GraphApi.csproj,,,Microsoft.Extensions.DependencyInjection.Abstractions 9.0.12,,,,,"Microsoft.Extensions.DependencyInjection.Abstractions, 9.0.12  Recommendation:  Remove Microsoft.Extensions.DependencyInjection.Abstractions, and replace with new package Microsoft.Extensions.DependencyInjection.Abstractions 10.0.2"
NuGet.0002,NuGet package upgrade is recommended,Active,Potential,1,Enigmatry.Entry.GraphApi\Enigmatry.Entry.GraphApi.csproj,File,Enigmatry.Entry.GraphApi\Enigmatry.Entry.GraphApi.csproj,,,System.Text.Json 9.0.12,,,,,"System.Text.Json, 9.0.12  Recommendation:  Remove System.Text.Json, and replace with new package System.Text.Json 10.0.2"
Project.0002,Project's target framework(s) needs to be changed,Active,Mandatory,1,Enigmatry.Entry.GraphApi\Enigmatry.Entry.GraphApi.csproj,File,Enigmatry.Entry.GraphApi\Enigmatry.Entry.GraphApi.csproj,,,,,,,,Current target framework: net9.0 Recommended target framework: net10.0
Api.0001,Binary incompatible for selected .NET version,Active,Mandatory,1,Enigmatry.Entry.GraphApi\Enigmatry.Entry.GraphApi.csproj,File,Enigmatry.Entry.GraphApi\Extensions\ConfigurationExtension.cs,13,8,M:Microsoft.Extensions.Configuration.ConfigurationBinder.Get``1(Microsoft.Extensions.Configuration.IConfiguration),,,,,var sectionSettings = configuration.GetSection(sectionName).Get<T>();
Api.0003,Behavioral change in selected .NET version,Active,Potential,1,Enigmatry.Entry.GraphApi\Enigmatry.Entry.GraphApi.csproj,File,Enigmatry.Entry.GraphApi\Injection\FixedTokenProvider.cs,12,4,T:System.Uri,,,,,"public Task<string> GetAuthorizationTokenAsync(Uri uri,          Dictionary<string, object>? additionalAuthenticationContext = null,          CancellationToken cancellationToken = new())"
Project.0002,Project's target framework(s) needs to be changed,Active,Mandatory,1,Enigmatry.Entry.HealthChecks\Enigmatry.Entry.HealthChecks.csproj,File,Enigmatry.Entry.HealthChecks\Enigmatry.Entry.HealthChecks.csproj,,,,,,,,Current target framework: net9.0 Recommended target framework: net10.0
Api.0001,Binary incompatible for selected .NET version,Active,Mandatory,1,Enigmatry.Entry.HealthChecks\Enigmatry.Entry.HealthChecks.csproj,File,Enigmatry.Entry.HealthChecks\Extensions\ConfigurationExtensions.cs,15,8,M:Microsoft.Extensions.Configuration.ConfigurationBinder.Get``1(Microsoft.Extensions.Configuration.IConfiguration),,,,,var sectionSettings = configuration.GetSection(sectionName).Get<T>();
Project.0002,Project's target framework(s) needs to be changed,Active,Mandatory,1,Enigmatry.Entry.HealthChecks.Tests\Enigmatry.Entry.HealthChecks.Tests.csproj,File,Enigmatry.Entry.HealthChecks.Tests\Enigmatry.Entry.HealthChecks.Tests.csproj,,,,,,,,Current target framework: net9.0 Recommended target framework: net10.0
Project.0002,Project's target framework(s) needs to be changed,Active,Mandatory,1,Enigmatry.Entry.Infrastructure\Enigmatry.Entry.Infrastructure.csproj,File,Enigmatry.Entry.Infrastructure\Enigmatry.Entry.Infrastructure.csproj,,,,,,,,Current target framework: net9.0 Recommended target framework: net10.0
Project.0002,Project's target framework(s) needs to be changed,Active,Mandatory,1,Enigmatry.Entry.Infrastructure.Tests\Enigmatry.Entry.Infrastructure.Tests.csproj,File,Enigmatry.Entry.Infrastructure.Tests\Enigmatry.Entry.Infrastructure.Tests.csproj,,,,,,,,Current target framework: net9.0 Recommended target framework: net10.0
Api.0002,Source incompatible for selected .NET version,Active,Potential,1,Enigmatry.Entry.Infrastructure.Tests\Enigmatry.Entry.Infrastructure.Tests.csproj,File,Enigmatry.Entry.Infrastructure.Tests\TimeProviderFixture.cs,26,8,"M:System.TimeSpan.FromMilliseconds(System.Int64,System.Int64)",,,,,Thread.Sleep(TimeSpan.FromMilliseconds(100));
Api.0002,Source incompatible for selected .NET version,Active,Potential,1,Enigmatry.Entry.Infrastructure.Tests\Enigmatry.Entry.Infrastructure.Tests.csproj,File,Enigmatry.Entry.Infrastructure.Tests\TimeProviderFixture.cs,14,8,"M:System.TimeSpan.FromMilliseconds(System.Int64,System.Int64)",,,,,Thread.Sleep(TimeSpan.FromMilliseconds(100));
NuGet.0002,NuGet package upgrade is recommended,Active,Potential,1,Enigmatry.Entry.MediatR\Enigmatry.Entry.MediatR.csproj,File,Enigmatry.Entry.MediatR\Enigmatry.Entry.MediatR.csproj,,,Microsoft.Extensions.Logging 9.0.12,,,,,"Microsoft.Extensions.Logging, 9.0.12  Recommendation:  Remove Microsoft.Extensions.Logging, and replace with new package Microsoft.Extensions.Logging 10.0.2"
Project.0002,Project's target framework(s) needs to be changed,Active,Mandatory,1,Enigmatry.Entry.MediatR\Enigmatry.Entry.MediatR.csproj,File,Enigmatry.Entry.MediatR\Enigmatry.Entry.MediatR.csproj,,,,,,,,Current target framework: net9.0 Recommended target framework: net10.0
Project.0002,Project's target framework(s) needs to be changed,Active,Mandatory,1,Enigmatry.Entry.MediatR.Tests\Enigmatry.Entry.MediatR.Tests.csproj,File,Enigmatry.Entry.MediatR.Tests\Enigmatry.Entry.MediatR.Tests.csproj,,,,,,,,Current target framework: net9.0 Recommended target framework: net10.0
Api.0001,Binary incompatible for selected .NET version,Active,Mandatory,1,Enigmatry.Entry.MediatR.Tests\Enigmatry.Entry.MediatR.Tests.csproj,File,Enigmatry.Entry.MediatR.Tests\TestServiceProviderBuilder.cs,28,8,T:Microsoft.Extensions.DependencyInjection.ServiceCollectionExtensions,,,,,serviceCollection.AddMediatR(config =>          {              config.RegisterServicesFromAssembly(_testAssembly);          });
NuGet.0003,NuGet package functionality is included with framework reference,Active,Mandatory,1,Enigmatry.Entry.Randomness\Enigmatry.Entry.Randomness.csproj,File,Enigmatry.Entry.Randomness\Enigmatry.Entry.Randomness.csproj,,,System.Security.Cryptography.Algorithms 4.3.1,,,,,"System.Security.Cryptography.Algorithms, 4.3.1  Recommendation:  Package functionality included with new framework reference"
Project.0002,Project's target framework(s) needs to be changed,Active,Mandatory,1,Enigmatry.Entry.Randomness\Enigmatry.Entry.Randomness.csproj,File,Enigmatry.Entry.Randomness\Enigmatry.Entry.Randomness.csproj,,,,,,,,Current target framework: net9.0 Recommended target framework: net10.0
NuGet.0002,NuGet package upgrade is recommended,Active,Potential,1,Enigmatry.Entry.Scheduler\Enigmatry.Entry.Scheduler.csproj,File,Enigmatry.Entry.Scheduler\Enigmatry.Entry.Scheduler.csproj,,,Microsoft.Extensions.Options.ConfigurationExtensions 9.0.12,,,,,"Microsoft.Extensions.Options.ConfigurationExtensions, 9.0.12  Recommendation:  Remove Microsoft.Extensions.Options.ConfigurationExtensions, and replace with new package Microsoft.Extensions.Options.ConfigurationExtensions 10.0.2"
Project.0002,Project's target framework(s) needs to be changed,Active,Mandatory,1,Enigmatry.Entry.Scheduler\Enigmatry.Entry.Scheduler.csproj,File,Enigmatry.Entry.Scheduler\Enigmatry.Entry.Scheduler.csproj,,,,,,,,Current target framework: net9.0 Recommended target framework: net10.0
Api.0001,Binary incompatible for selected .NET version,Active,Mandatory,1,Enigmatry.Entry.Scheduler\Enigmatry.Entry.Scheduler.csproj,File,Enigmatry.Entry.Scheduler\JobConfiguration.cs,41,8,M:Microsoft.Extensions.Configuration.ConfigurationBinder.Get``1(Microsoft.Extensions.Configuration.IConfiguration),,,,,var value = section.Get<T>();
Api.0002,Source incompatible for selected .NET version,Active,Potential,1,Enigmatry.Entry.Scheduler\Enigmatry.Entry.Scheduler.csproj,File,Enigmatry.Entry.Scheduler\JobConfiguration.cs,29,12,T:System.Configuration.ConfigurationErrorsException,,,,,"throw new ConfigurationErrorsException(                  $""Missing 'Cronex' value in configuration for configuration section: '{JobName}'"");"
Api.0002,Source incompatible for selected .NET version,Active,Potential,1,Enigmatry.Entry.Scheduler\Enigmatry.Entry.Scheduler.csproj,File,Enigmatry.Entry.Scheduler\JobConfiguration.cs,29,12,M:System.Configuration.ConfigurationErrorsException.#ctor(System.String),,,,,"throw new ConfigurationErrorsException(                  $""Missing 'Cronex' value in configuration for configuration section: '{JobName}'"");"
Api.0002,Source incompatible for selected .NET version,Active,Potential,1,Enigmatry.Entry.Scheduler\Enigmatry.Entry.Scheduler.csproj,File,Enigmatry.Entry.Scheduler\JobConfiguration.cs,24,12,T:System.Configuration.ConfigurationErrorsException,,,,,"throw new ConfigurationErrorsException($""Configuration Section '{JobName}' is not found"");"
Api.0002,Source incompatible for selected .NET version,Active,Potential,1,Enigmatry.Entry.Scheduler\Enigmatry.Entry.Scheduler.csproj,File,Enigmatry.Entry.Scheduler\JobConfiguration.cs,24,12,M:System.Configuration.ConfigurationErrorsException.#ctor(System.String),,,,,"throw new ConfigurationErrorsException($""Configuration Section '{JobName}' is not found"");"
Api.0003,Behavioral change in selected .NET version,Active,Potential,1,Enigmatry.Entry.Scheduler\Enigmatry.Entry.Scheduler.csproj,File,Enigmatry.Entry.Scheduler\OpenTelemetryJobListener.cs,24,8,"M:System.Diagnostics.ActivitySource.StartActivity(System.String,System.Diagnostics.ActivityKind)",,,,,"using var activity = _activitySource.StartActivity(jobName, ActivityKind.Server);"
Api.0002,Source incompatible for selected .NET version,Active,Potential,1,Enigmatry.Entry.Scheduler\Enigmatry.Entry.Scheduler.csproj,File,Enigmatry.Entry.Scheduler\ConfigurationExtensions.cs,26,12,T:System.Configuration.ConfigurationErrorsException,,,,,"throw new ConfigurationErrorsException($""Section '{sectionName}' is missing from the configuration"");"
Api.0002,Source incompatible for selected .NET version,Active,Potential,1,Enigmatry.Entry.Scheduler\Enigmatry.Entry.Scheduler.csproj,File,Enigmatry.Entry.Scheduler\ConfigurationExtensions.cs,26,12,M:System.Configuration.ConfigurationErrorsException.#ctor(System.String),,,,,"throw new ConfigurationErrorsException($""Section '{sectionName}' is missing from the configuration"");"
Api.0001,Binary incompatible for selected .NET version,Active,Mandatory,1,Enigmatry.Entry.Scheduler\Enigmatry.Entry.Scheduler.csproj,File,Enigmatry.Entry.Scheduler\ConfigurationExtensions.cs,16,8,M:Microsoft.Extensions.Configuration.ConfigurationBinder.Get``1(Microsoft.Extensions.Configuration.IConfiguration),,,,,var settings = jobSection.Get<JobSettings>();
Api.0001,Binary incompatible for selected .NET version,Active,Mandatory,1,Enigmatry.Entry.Scheduler\Enigmatry.Entry.Scheduler.csproj,File,Enigmatry.Entry.Scheduler\ServiceCollectionExtensions.cs,23,8,"M:Microsoft.Extensions.DependencyInjection.OptionsConfigurationServiceCollectionExtensions.Configure``1(Microsoft.Extensions.DependencyInjection.IServiceCollection,Microsoft.Extensions.Configuration.IConfiguration)",,,,,services.Configure<QuartzOptions>(configuration.GetSchedulingHostSection());
NuGet.0002,NuGet package upgrade is recommended,Active,Potential,1,Enigmatry.Entry.Scheduler.Tests\Enigmatry.Entry.Scheduler.Tests.csproj,File,Enigmatry.Entry.Scheduler.Tests\Enigmatry.Entry.Scheduler.Tests.csproj,,,Microsoft.Extensions.Configuration 9.0.12,,,,,"Microsoft.Extensions.Configuration, 9.0.12  Recommendation:  Remove Microsoft.Extensions.Configuration, and replace with new package Microsoft.Extensions.Configuration 10.0.2"
Project.0002,Project's target framework(s) needs to be changed,Active,Mandatory,1,Enigmatry.Entry.Scheduler.Tests\Enigmatry.Entry.Scheduler.Tests.csproj,File,Enigmatry.Entry.Scheduler.Tests\Enigmatry.Entry.Scheduler.Tests.csproj,,,,,,,,Current target framework: net9.0 Recommended target framework: net10.0
Api.0002,Source incompatible for selected .NET version,Active,Potential,1,Enigmatry.Entry.Scheduler.Tests\Enigmatry.Entry.Scheduler.Tests.csproj,File,Enigmatry.Entry.Scheduler.Tests\ConfigurationExtensionsFixture.cs,62,8,P:System.Configuration.ConfigurationErrorsException.Message,,,,,"exception.Message.ShouldBe($""Configuration Section '{JobTypesWithoutConfiguration().First().Name}' is not found"");"
Api.0002,Source incompatible for selected .NET version,Active,Potential,1,Enigmatry.Entry.Scheduler.Tests\Enigmatry.Entry.Scheduler.Tests.csproj,File,Enigmatry.Entry.Scheduler.Tests\ConfigurationExtensionsFixture.cs,61,8,T:System.Configuration.ConfigurationErrorsException,,,,,var exception = Should.Throw<ConfigurationErrorsException>(act);
Api.0002,Source incompatible for selected .NET version,Active,Potential,1,Enigmatry.Entry.Scheduler.Tests\Enigmatry.Entry.Scheduler.Tests.csproj,File,Enigmatry.Entry.Scheduler.Tests\ConfigurationExtensionsFixture.cs,50,8,P:System.Configuration.ConfigurationErrorsException.Message,,,,,"exception.Message.ShouldBe($""Missing 'Cronex' value in configuration for configuration section: '{JobTypesWithoutValidConfiguration().First().Name}'"");"
Api.0002,Source incompatible for selected .NET version,Active,Potential,1,Enigmatry.Entry.Scheduler.Tests\Enigmatry.Entry.Scheduler.Tests.csproj,File,Enigmatry.Entry.Scheduler.Tests\ConfigurationExtensionsFixture.cs,49,8,T:System.Configuration.ConfigurationErrorsException,,,,,var exception = Should.Throw<ConfigurationErrorsException>(act);
Api.0002,Source incompatible for selected .NET version,Active,Potential,1,Enigmatry.Entry.Scheduler.Tests\Enigmatry.Entry.Scheduler.Tests.csproj,File,Enigmatry.Entry.Scheduler.Tests\ConfigurationExtensionsFixture.cs,38,8,P:System.Configuration.ConfigurationErrorsException.Message,,,,,"exception.Message.ShouldBe($""Configuration Section '{WrongJobTypes().First().Name}' is not found"");"
Api.0002,Source incompatible for selected .NET version,Active,Potential,1,Enigmatry.Entry.Scheduler.Tests\Enigmatry.Entry.Scheduler.Tests.csproj,File,Enigmatry.Entry.Scheduler.Tests\ConfigurationExtensionsFixture.cs,37,8,T:System.Configuration.ConfigurationErrorsException,,,,,var exception = Should.Throw<ConfigurationErrorsException>(act);
Api.0002,Source incompatible for selected .NET version,Active,Potential,1,Enigmatry.Entry.Scheduler.Tests\Enigmatry.Entry.Scheduler.Tests.csproj,File,Enigmatry.Entry.Scheduler.Tests\ConfigurationExtensionsFixture.cs,26,8,P:System.Configuration.ConfigurationErrorsException.Message,,,,,"exception.Message.ShouldBe(""Section 'Scheduling' is missing from the configuration"");"
Api.0002,Source incompatible for selected .NET version,Active,Potential,1,Enigmatry.Entry.Scheduler.Tests\Enigmatry.Entry.Scheduler.Tests.csproj,File,Enigmatry.Entry.Scheduler.Tests\ConfigurationExtensionsFixture.cs,25,8,T:System.Configuration.ConfigurationErrorsException,,,,,var exception = Should.Throw<ConfigurationErrorsException>(act);
Project.0002,Project's target framework(s) needs to be changed,Active,Mandatory,1,Enigmatry.Entry.SmartEnums\Enigmatry.Entry.SmartEnums.csproj,File,Enigmatry.Entry.SmartEnums\Enigmatry.Entry.SmartEnums.csproj,,,,,,,,Current target framework: net9.0 Recommended target framework: net10.0
NuGet.0002,NuGet package upgrade is recommended,Active,Potential,1,Enigmatry.Entry.SmartEnums.EntityFramework\Enigmatry.Entry.SmartEnums.EntityFramework.csproj,File,Enigmatry.Entry.SmartEnums.EntityFramework\Enigmatry.Entry.SmartEnums.EntityFramework.csproj,,,System.Text.Json 9.0.12,,,,,"System.Text.Json, 9.0.12  Recommendation:  Remove System.Text.Json, and replace with new package System.Text.Json 10.0.2"
Project.0002,Project's target framework(s) needs to be changed,Active,Mandatory,1,Enigmatry.Entry.SmartEnums.EntityFramework\Enigmatry.Entry.SmartEnums.EntityFramework.csproj,File,Enigmatry.Entry.SmartEnums.EntityFramework\Enigmatry.Entry.SmartEnums.EntityFramework.csproj,,,,,,,,Current target framework: net9.0 Recommended target framework: net10.0
Project.0002,Project's target framework(s) needs to be changed,Active,Mandatory,1,Enigmatry.Entry.SmartEnums.Swagger\Enigmatry.Entry.SmartEnums.Swagger.csproj,File,Enigmatry.Entry.SmartEnums.Swagger\Enigmatry.Entry.SmartEnums.Swagger.csproj,,,,,,,,Current target framework: net9.0 Recommended target framework: net10.0
Project.0002,Project's target framework(s) needs to be changed,Active,Mandatory,1,Enigmatry.Entry.SmartEnums.SystemTextJson\Enigmatry.Entry.SmartEnums.SystemTextJson.csproj,File,Enigmatry.Entry.SmartEnums.SystemTextJson\Enigmatry.Entry.SmartEnums.SystemTextJson.csproj,,,,,,,,Current target framework: net9.0 Recommended target framework: net10.0
Project.0002,Project's target framework(s) needs to be changed,Active,Mandatory,1,Enigmatry.Entry.SmartEnums.VerifyTests\Enigmatry.Entry.SmartEnums.VerifyTests.csproj,File,Enigmatry.Entry.SmartEnums.VerifyTests\Enigmatry.Entry.SmartEnums.VerifyTests.csproj,,,,,,,,Current target framework: net9.0 Recommended target framework: net10.0
NuGet.0002,NuGet package upgrade is recommended,Active,Potential,1,Enigmatry.Entry.SwaggerSecurity\Enigmatry.Entry.Swagger.csproj,File,Enigmatry.Entry.SwaggerSecurity\Enigmatry.Entry.Swagger.csproj,,,Microsoft.Extensions.DependencyInjection.Abstractions 9.0.12,,,,,"Microsoft.Extensions.DependencyInjection.Abstractions, 9.0.12  Recommendation:  Remove Microsoft.Extensions.DependencyInjection.Abstractions, and replace with new package Microsoft.Extensions.DependencyInjection.Abstractions 10.0.2"
Project.0002,Project's target framework(s) needs to be changed,Active,Mandatory,1,Enigmatry.Entry.SwaggerSecurity\Enigmatry.Entry.Swagger.csproj,File,Enigmatry.Entry.SwaggerSecurity\Enigmatry.Entry.Swagger.csproj,,,,,,,,Current target framework: net9.0 Recommended target framework: net10.0
NuGet.0002,NuGet package upgrade is recommended,Active,Potential,1,Enigmatry.Entry.TemplatingEngine.Fluid\Enigmatry.Entry.TemplatingEngine.Fluid.csproj,File,Enigmatry.Entry.TemplatingEngine.Fluid\Enigmatry.Entry.TemplatingEngine.Fluid.csproj,,,Microsoft.Extensions.DependencyInjection.Abstractions 9.0.12,,,,,"Microsoft.Extensions.DependencyInjection.Abstractions, 9.0.12  Recommendation:  Remove Microsoft.Extensions.DependencyInjection.Abstractions, and replace with new package Microsoft.Extensions.DependencyInjection.Abstractions 10.0.2"
NuGet.0002,NuGet package upgrade is recommended,Active,Potential,1,Enigmatry.Entry.TemplatingEngine.Fluid\Enigmatry.Entry.TemplatingEngine.Fluid.csproj,File,Enigmatry.Entry.TemplatingEngine.Fluid\Enigmatry.Entry.TemplatingEngine.Fluid.csproj,,,Microsoft.Extensions.Logging 9.0.12,,,,,"Microsoft.Extensions.Logging, 9.0.12  Recommendation:  Remove Microsoft.Extensions.Logging, and replace with new package Microsoft.Extensions.Logging 10.0.2"
NuGet.0002,NuGet package upgrade is recommended,Active,Potential,1,Enigmatry.Entry.TemplatingEngine.Fluid\Enigmatry.Entry.TemplatingEngine.Fluid.csproj,File,Enigmatry.Entry.TemplatingEngine.Fluid\Enigmatry.Entry.TemplatingEngine.Fluid.csproj,,,Microsoft.Extensions.Logging.Abstractions 9.0.12,,,,,"Microsoft.Extensions.Logging.Abstractions, 9.0.12  Recommendation:  Remove Microsoft.Extensions.Logging.Abstractions, and replace with new package Microsoft.Extensions.Logging.Abstractions 10.0.2"
Project.0002,Project's target framework(s) needs to be changed,Active,Mandatory,1,Enigmatry.Entry.TemplatingEngine.Fluid\Enigmatry.Entry.TemplatingEngine.Fluid.csproj,File,Enigmatry.Entry.TemplatingEngine.Fluid\Enigmatry.Entry.TemplatingEngine.Fluid.csproj,,,,,,,,Current target framework: net9.0 Recommended target framework: net10.0
NuGet.0002,NuGet package upgrade is recommended,Active,Potential,1,Enigmatry.Entry.TemplatingEngine.Fluid.Tests\Enigmatry.Entry.TemplatingEngine.Fluid.Tests.csproj,File,Enigmatry.Entry.TemplatingEngine.Fluid.Tests\Enigmatry.Entry.TemplatingEngine.Fluid.Tests.csproj,,,Microsoft.Extensions.DependencyInjection 9.0.12,,,,,"Microsoft.Extensions.DependencyInjection, 9.0.12  Recommendation:  Remove Microsoft.Extensions.DependencyInjection, and replace with new package Microsoft.Extensions.DependencyInjection 10.0.2"
NuGet.0002,NuGet package upgrade is recommended,Active,Potential,1,Enigmatry.Entry.TemplatingEngine.Fluid.Tests\Enigmatry.Entry.TemplatingEngine.Fluid.Tests.csproj,File,Enigmatry.Entry.TemplatingEngine.Fluid.Tests\Enigmatry.Entry.TemplatingEngine.Fluid.Tests.csproj,,,Microsoft.Extensions.DependencyInjection.Abstractions 9.0.12,,,,,"Microsoft.Extensions.DependencyInjection.Abstractions, 9.0.12  Recommendation:  Remove Microsoft.Extensions.DependencyInjection.Abstractions, and replace with new package Microsoft.Extensions.DependencyInjection.Abstractions 10.0.2"
Project.0002,Project's target framework(s) needs to be changed,Active,Mandatory,1,Enigmatry.Entry.TemplatingEngine.Fluid.Tests\Enigmatry.Entry.TemplatingEngine.Fluid.Tests.csproj,File,Enigmatry.Entry.TemplatingEngine.Fluid.Tests\Enigmatry.Entry.TemplatingEngine.Fluid.Tests.csproj,,,,,,,,Current target framework: net9.0 Recommended target framework: net10.0
NuGet.0002,NuGet package upgrade is recommended,Active,Potential,1,Enigmatry.Entry.TemplatingEngine.Razor\Enigmatry.Entry.TemplatingEngine.Razor.csproj,File,Enigmatry.Entry.TemplatingEngine.Razor\Enigmatry.Entry.TemplatingEngine.Razor.csproj,,,Microsoft.AspNetCore.Mvc.Razor.RuntimeCompilation 9.0.12,,,,,"Microsoft.AspNetCore.Mvc.Razor.RuntimeCompilation, 9.0.12  Recommendation:  Remove Microsoft.AspNetCore.Mvc.Razor.RuntimeCompilation, and replace with new package Microsoft.AspNetCore.Mvc.Razor.RuntimeCompilation 10.0.2"
NuGet.0002,NuGet package upgrade is recommended,Active,Potential,1,Enigmatry.Entry.TemplatingEngine.Razor\Enigmatry.Entry.TemplatingEngine.Razor.csproj,File,Enigmatry.Entry.TemplatingEngine.Razor\Enigmatry.Entry.TemplatingEngine.Razor.csproj,,,Microsoft.Extensions.DependencyInjection.Abstractions 9.0.12,,,,,"Microsoft.Extensions.DependencyInjection.Abstractions, 9.0.12  Recommendation:  Remove Microsoft.Extensions.DependencyInjection.Abstractions, and replace with new package Microsoft.Extensions.DependencyInjection.Abstractions 10.0.2"
Project.0002,Project's target framework(s) needs to be changed,Active,Mandatory,1,Enigmatry.Entry.TemplatingEngine.Razor\Enigmatry.Entry.TemplatingEngine.Razor.csproj,File,Enigmatry.Entry.TemplatingEngine.Razor\Enigmatry.Entry.TemplatingEngine.Razor.csproj,,,,,,,,Current target framework: net9.0 Recommended target framework: net10.0
NuGet.0002,NuGet package upgrade is recommended,Active,Potential,1,Enigmatry.Entry.TemplatingEngine.Razor.Tests\Enigmatry.Entry.TemplatingEngine.Razor.Tests.csproj,File,Enigmatry.Entry.TemplatingEngine.Razor.Tests\Enigmatry.Entry.TemplatingEngine.Razor.Tests.csproj,,,Microsoft.AspNetCore.Mvc.Razor.RuntimeCompilation 9.0.12,,,,,"Microsoft.AspNetCore.Mvc.Razor.RuntimeCompilation, 9.0.12  Recommendation:  Remove Microsoft.AspNetCore.Mvc.Razor.RuntimeCompilation, and replace with new package Microsoft.AspNetCore.Mvc.Razor.RuntimeCompilation 10.0.2"
NuGet.0002,NuGet package upgrade is recommended,Active,Potential,1,Enigmatry.Entry.TemplatingEngine.Razor.Tests\Enigmatry.Entry.TemplatingEngine.Razor.Tests.csproj,File,Enigmatry.Entry.TemplatingEngine.Razor.Tests\Enigmatry.Entry.TemplatingEngine.Razor.Tests.csproj,,,Microsoft.Extensions.FileProviders.Physical 9.0.12,,,,,"Microsoft.Extensions.FileProviders.Physical, 9.0.12  Recommendation:  Remove Microsoft.Extensions.FileProviders.Physical, and replace with new package Microsoft.Extensions.FileProviders.Physical 10.0.2"
NuGet.0002,NuGet package upgrade is recommended,Active,Potential,1,Enigmatry.Entry.TemplatingEngine.Razor.Tests\Enigmatry.Entry.TemplatingEngine.Razor.Tests.csproj,File,Enigmatry.Entry.TemplatingEngine.Razor.Tests\Enigmatry.Entry.TemplatingEngine.Razor.Tests.csproj,,,Microsoft.Extensions.Hosting.Abstractions 9.0.12,,,,,"Microsoft.Extensions.Hosting.Abstractions, 9.0.12  Recommendation:  Remove Microsoft.Extensions.Hosting.Abstractions, and replace with new package Microsoft.Extensions.Hosting.Abstractions 10.0.2"
Project.0002,Project's target framework(s) needs to be changed,Active,Mandatory,1,Enigmatry.Entry.TemplatingEngine.Razor.Tests\Enigmatry.Entry.TemplatingEngine.Razor.Tests.csproj,File,Enigmatry.Entry.TemplatingEngine.Razor.Tests\Enigmatry.Entry.TemplatingEngine.Razor.Tests.csproj,,,,,,,,Current target framework: net9.0 Recommended target framework: net10.0
Api.0002,Source incompatible for selected .NET version,Active,Potential,1,Enigmatry.Entry.TemplatingEngine.Razor.Tests\Enigmatry.Entry.TemplatingEngine.Razor.Tests.csproj,File,Enigmatry.Entry.TemplatingEngine.Razor.Tests\RazorSampleConsoleStartup.cs,23,8,"M:Microsoft.Extensions.DependencyInjection.RazorRuntimeCompilationMvcBuilderExtensions.AddRazorRuntimeCompilation(Microsoft.Extensions.DependencyInjection.IMvcBuilder,System.Action{Microsoft.AspNetCore.Mvc.Razor.RuntimeCompilation.MvcRazorRuntimeCompilationOptions})",,,,,services.AddRazorPages().AddRazorRuntimeCompilation(options =>          {              options.FileProviders.Clear();              options.FileProviders.Add(new PhysicalFileProvider(_environment.ContentRootPath));              options.AdditionalReferencePaths.Add(typeof(EmailModel).Assembly.Location);          });
